posrank,Player,Position,Team,G,1,2,3,4,5,6,7,8,9,10,11,12,13,14,15,16,17,Total,Average,Std Dev.,Weekly Floor,Weekly Ceiling,CV,COR,,1,2,3,4,5,6,7,8,9,10,11,12,13,14,15,16,17,#Top12,#13-24,#25-36,#Rest,Pos Filter,#Startable
2,Tom Brady,QB,NE,16,27.6,28.2,22.7,,25.3,22.5,29.7,30.3,17.9,18.3,13.1,23.2,28.2,18,18.7,11.1,5.3,340.1,21.26,6.96,14.3,28.22,32.74%,86.19,,1,1,5,,5,8,2,3,13,9,20,7,7,11,15,27,34,11,3,2,0,0,14
5,Carson Palmer,QB,ARI,16,25.7,21.2,18.5,16,18.3,16.7,19.2,29.6,,20.3,24.6,17.4,22.2,20.7,15,16.6,7.2,309.2,19.33,4.91,14.42,24.23,25.39%,95.43,,2,12,13,15,11,17,10,4,,7,4,16,15,7,21,11,30,9,6,1,0,0,15
24,Marcus Mariota,QB,TEN,12,25,16.2,18.7,,10.2,4.8,,,31.3,7.8,18.1,17.4,35.9,9.3,-0.7,,,194,16.17,10.31,5.86,26.47,63.75%,41.52,,3,23,12,,21,29,,,3,25,9,16,2,25,44,,,5,3,3,1,0,8
16,Alex Smith,QB,KC,16,23.2,5.1,16.9,17.9,13.3,16.3,14.5,27.6,,15.5,13.4,21.7,22.8,13.6,12.5,16.4,16.3,267,16.69,5.1,11.59,21.78,30.54%,71.32,,4,35,14,10,17,19,14,6,,16,17,11,13,20,25,13,15,4,10,2,0,0,14
7,Aaron Rodgers,QB,GB,16,23.1,20.3,34.9,16.3,15.5,19.6,,6.2,31,22.1,17.1,13.4,25.6,19.4,10.1,5.9,12.8,293.3,18.33,7.78,10.55,26.12,42.46%,61.52,,5,13,1,13,15,12,,26,4,4,11,25,9,9,29,32,19,8,4,4,0,0,12
44,Tony Romo,QB,DAL,4,22.1,7,,,,,,,,,13.3,-1.8,,,,,,40.6,10.15,8.74,1.41,18.89,86.09%,21.94,,6,34,,,,,,,,,18,37,,,,,,1,1,1,1,0,2
12,Philip Rivers,QB,SD,16,20,14.1,9.8,26.2,20.6,28.1,21.4,24,15.2,,5.9,28.9,6.1,8.9,20.4,15.1,15.6,280.3,17.52,7.18,10.34,24.69,40.96%,60.28,,7,25,25,1,9,2,6,7,18,,27,4,28,27,12,15,16,8,3,5,0,0,11
33,Nick Foles,QB,STL,11,19,10.1,6.9,18.7,1.8,,6.3,11.3,6.9,6,,3.3,3.6,,,,,93.9,8.54,5.53,3,14.07,64.82%,21.71,,8,28,30,7,30,,26,20,26,27,,33,31,,,,,2,1,8,0,0,3
18,Andy Dalton,QB,CIN,13,18.9,21.6,30.3,18.4,27,21.5,,9.6,21.9,8.9,22,19.7,23.9,0.4,,,,244.1,18.78,7.76,11.02,26.54,41.32%,64.23,,9,9,2,8,4,9,,21,7,24,5,14,11,35,,,,9,3,1,0,0,12
19,Matt Ryan,QB,ATL,16,16.6,18.4,21.1,14.1,6.2,18.8,9.7,20.1,16.3,,17.9,9.1,13.2,4.9,11.8,14.3,19.4,231.9,14.49,4.84,9.66,19.33,33.37%,57.93,,10,18,6,22,28,14,20,9,15,,10,28,21,30,27,18,7,5,7,4,0,0,12
6,Drew Brees,QB,NO,15,16.5,12.1,,22.4,15.3,16.7,11.8,46.5,31.5,12.4,,7.1,22.5,20.5,26.7,28.2,16.4,306.6,20.44,9.55,10.89,29.99,46.72%,64.19,,11,26,,3,16,17,18,1,2,20,,31,14,8,5,2,13,7,6,2,0,0,13
21,Ben Roethlisberger,QB,PIT,12,16,26.7,5.7,,,,,8.5,19.4,25,,20,31.9,9.9,22.9,4.6,21.8,212.4,17.7,8.43,9.27,26.13,47.60%,54.89,,12,3,32,,,,,23,10,2,,13,5,24,10,34,5,7,3,2,0,0,10
15,Tyrod Taylor,QB,BUF,14,15.9,26,24.3,14.5,22,,,,15.6,11.5,9.4,26.2,29.2,18,25.3,11.9,18.4,268.2,19.16,6.11,13.05,25.27,31.90%,79.22,,13,5,4,19,7,,,,17,22,24,5,6,11,7,25,10,8,5,1,0,0,13
28,Andrew Luck,QB,IND,7,15.7,8.4,16.5,,,28,24,14.7,21.5,,,,,,,,,128.8,18.4,6.07,12.33,24.47,32.98%,74.2,,14,30,15,,,3,4,16,8,,,,,,,,,3,3,1,0,0,6
3,Russell Wilson,QB,SEA,16,15.1,22,16.2,15.5,12.6,18.9,11.4,13.6,,16.8,25.4,35.2,34.1,32.3,26.6,19.5,21.2,336.4,21.03,7.43,13.6,28.45,35.32%,80.55,,15,8,17,16,19,13,19,17,,11,3,1,3,1,6,8,6,9,7,0,0,0,16
13,Jameis Winston,QB,TB,16,14.2,18.6,12.4,12.7,13.3,,20.4,19.5,18.4,12.6,29.8,14.5,18.6,13.7,19,18.8,16.4,272.9,17.06,4.29,12.77,21.34,25.13%,84.92,,16,17,21,24,17,,9,11,12,19,2,20,16,18,14,9,13,5,11,0,0,0,16
20,Jay Cutler,QB,CHI,15,14.1,9.2,,17.2,17.6,17.3,,19.5,17.6,24.7,9.5,12.9,7.1,19.1,13.3,12.3,12.9,224.3,14.95,4.48,10.47,19.43,29.95%,64.87,,17,29,,12,12,16,,11,14,3,23,27,27,10,24,23,18,5,7,3,0,0,12
11,Matthew Stafford,QB,DET,15,13.7,19.4,9.2,8.1,5.7,33.9,18.7,,,15.8,20.4,34.8,17,16.3,22.1,21.1,24.9,281.1,18.74,8.01,10.73,26.75,42.76%,62.56,,18,16,26,30,29,1,11,,,15,6,2,17,13,11,5,2,7,5,3,0,0,12
23,Sam Bradford,QB,PHI,14,13.4,7.9,8.5,24.2,17.6,9.4,6.8,,15.7,13.4,,,12.7,12.2,16.8,17.6,18.6,194.8,13.91,4.69,9.22,18.6,33.70%,55.19,,19,33,27,2,12,25,24,,16,18,,,22,23,19,10,9,4,7,3,0,0,11
10,Ryan Fitzpatrick,QB,NYJ,16,13.1,16.4,14.6,14.1,,25.2,20.7,3,18.9,14.7,15.8,29.2,25.8,24.8,15.3,23.1,10.4,285.1,17.82,6.51,11.31,24.32,36.51%,66.61,,20,22,18,22,,4,8,27,11,17,13,3,8,4,20,4,24,7,8,1,0,0,15
1,Cam Newton,QB,CAR,16,12.5,27.4,29.9,16.1,,19.8,13.9,18,33.6,21,31.4,17.8,36.1,23,41.6,14.3,32.7,389.1,24.32,8.72,15.6,33.04,35.85%,92.16,,21,2,3,14,,11,15,14,1,6,1,15,1,5,1,18,1,10,6,0,0,0,16
17,Ryan Tannehill,QB,MIA,16,11.7,24.1,13.8,12.3,,16,27.6,7.9,10.7,16.5,14.8,22,8.5,15.8,15,14,23.7,254.4,15.9,5.53,10.37,21.43,34.77%,61.63,,22,7,19,25,,20,3,25,24,13,14,10,26,15,21,21,3,4,9,3,0,0,13
31,Colin Kaepernick,QB,SF,9,10.7,24.5,5.3,10.1,20.8,22.6,5,9.3,0,,,,,,,,,108.3,12.03,8.14,3.89,20.17,67.66%,29.81,,23,6,33,28,8,7,28,22,29,,,,,,,,,3,2,4,0,0,5
4,Blake Bortles,QB,JAC,16,9.9,21.6,16.4,19,28.2,22.9,13,,20.4,16,10.6,22.5,32.8,25.7,24.3,27.2,3.6,314.1,19.63,7.45,12.18,27.08,37.94%,71.38,,24,9,16,6,3,6,16,,9,14,22,8,4,3,8,3,35,10,5,1,0,0,15
58,Matt McGloin,QB,OAK,2,9.7,,,,,,,,,,,0,,,,,,9.7,4.85,4.85,0,9.7,100.00%,9.7,,25,,,,,,,,,,,36,,,,,,0,0,2,0,0,0
25,Brian Hoyer,QB,HOU,11,9.4,,,17.3,19.9,24.2,20.9,17.3,,4.4,,13.9,23.2,4.1,,,12,166.6,15.15,6.7,8.45,21.85,44.24%,49.39,,26,,,11,10,5,7,15,,30,,23,12,31,,,22,5,3,3,0,0,8
22,Teddy Bridgewater,QB,MIN,16,8.8,18.2,2.7,15.1,,9.5,18.7,11.6,11.5,11.9,20.1,4.7,2.9,15.7,32.9,11.9,2.2,198.4,12.4,7.67,4.73,20.07,61.88%,32.43,,27,21,36,18,,24,11,18,23,21,7,32,32,16,3,25,37,3,7,5,1,0,10
32,Johnny Manziel,QB,CLE,9,8.8,15,,,,,1.6,0.6,13.8,16.6,,,,14.3,10.1,14.2,,95,10.56,5.54,5.01,16.1,52.53%,30.65,,27,24,,,,,29,29,21,12,,,,17,29,20,,1,4,4,0,0,5
36,Ryan Mallett,QB,HOU,7,8.5,18.4,11,4,0,,,,,,,,,,,15,12.1,69,9.86,5.84,4.01,15.7,59.29%,26.48,,29,18,22,32,32,,,,,,,,,,,16,20,0,4,3,0,0,4
9,Eli Manning,QB,NYG,16,8.5,20,19.2,18.3,28.7,8.8,6.4,38,12.4,21.4,,14.8,14.1,27.3,24.2,7.4,18.1,287.6,17.98,8.42,9.55,26.4,46.86%,56.34,,29,15,10,9,2,26,25,2,22,5,,19,18,2,9,30,11,8,4,4,0,0,12
8,Kirk Cousins,QB,WAS,16,7.7,12.1,12.6,21.7,8.9,7.9,30.2,,10.7,29,6.7,22.2,13.4,21.3,35.9,30.2,19,289.5,18.09,9.15,8.95,27.24,50.56%,53.88,,32,26,20,4,24,27,1,,24,1,26,9,19,6,2,1,8,8,4,4,0,0,12
34,Peyton Manning,QB,DEN,10,4.9,20.2,18.9,8.3,6.6,9.6,,11.6,15.2,-6.6,,,,,,,2.6,91.3,9.13,7.59,1.54,16.72,83.14%,20.11,,33,14,11,29,27,23,,18,18,32,,,,,,,36,1,4,5,0,0,5
14,Derek Carr,QB,OAK,16,3.2,26.3,20.5,11.8,9.9,,23.9,29.1,26.3,17.3,7.6,23.7,13.3,13,19.2,13.2,11,269.3,16.83,7.35,9.48,24.18,43.68%,55.36,,34,4,7,27,22,,5,5,5,10,25,6,20,22,13,22,23,7,6,3,0,0,13
29,Josh McCown,QB,CLE,8,2.3,,19.6,20.2,33.5,11.7,8.9,18.2,,,,13.7,,,,,,128.1,16.01,8.69,7.33,24.7,54.24%,45.54,,35,,9,5,1,22,21,13,,,,24,,,,,,3,4,1,0,0,7
26,Joe Flacco,QB,BAL,10,0.7,21.6,20.5,7.6,24.6,17.7,12.1,23,,20.3,12,,,,,,,160.1,16.01,7.29,8.72,23.3,45.55%,51.15,,36,9,7,31,6,15,17,8,,7,21,,,,,,,5,3,2,0,0,8
43,Zach Mettenberger,QB,TEN,7,-0.5,,,,,2.9,7.5,2.8,,,,,,,14.2,9.4,5.9,42.2,6.03,4.52,1.51,10.55,75.01%,14.06,,37,,,,,30,22,28,,,,,,,23,28,32,0,2,4,1,0,2
38,Brandon Weeden,QB,DAL,6,,8,7.3,14.3,7.3,,,,,,,,,,8.8,21.1,,66.8,11.13,5.07,6.07,16.2,45.51%,35.6,,,31,28,20,25,,,,,,,,,,31,5,,1,1,4,0,0,2
46,Jimmy Clausen,QB,CHI,4,,2.3,3.8,,,,,,,,,,,8.8,18.2,,,33.1,8.28,6.22,2.06,14.49,75.11%,19.29,,,36,34,,,,,,,,,,,28,16,,,0,1,3,0,0,1
50,Michael Vick,QB,PIT,5,,-0.3,1.3,12.3,12.5,4.9,,,,,,,,,,,,30.7,6.14,5.38,0.76,11.52,87.66%,13.14,,,38,37,25,20,28,,,,,,,,,,,,0,1,2,2,0,1
56,Luke McCown,QB,NO,2,,,10.4,,,,1,,,,,,,,,,,11.4,5.7,4.7,1,10.4,82.46%,12.61,,,,24,,,,30,,,,,,,,,,,0,1,1,0,0,1
63,Kellen Clemens,QB,SD,2,,,6.5,,,,,,,,,,,,-0.1,,,6.4,3.2,3.3,-0.1,6.5,103.13%,6.3,,,,31,,,,,,,,,,,,38,,,0,0,1,1,0,0
76,Jimmy Garoppolo,QB,NE,4,,,-0.2,,-0.2,,,,-0.1,,,,,,,,0.2,-0.3,-0.08,0.16,-0.24,0.09,-218.58%,-0.04,,,,38,,34,,,,30,,,,,,,,39,0,0,2,2,0,0
45,EJ Manuel,QB,BUF,4,,,-0.2,,,20.7,17.7,,,,,,,,0.6,,,38.8,9.7,9.56,0.14,19.26,98.59%,19.54,,,,38,,,10,13,,,,,,,,36,,,1,1,1,1,0,2
77,Drew Stanton,QB,ARI,6,,,-0.3,,0.1,,,,,,,,-0.1,,-0.2,0,-0.6,-1.1,-0.18,0.23,-0.41,0.04,-123.65%,-0.03,,,,40,,31,,,,,,,,37,,41,40,41,0,0,1,5,0,0
35,Matt Hasselbeck,QB,IND,8,,,,15.4,16.2,,,,,,13.3,20.3,4.9,9.1,8,4,,91.2,11.4,5.43,5.97,16.83,47.62%,35.34,,,,,17,14,,,,,,18,12,30,26,33,35,,1,3,4,0,0,4
68,BJ Daniels,QB,SEA,3,,,,0,,,,,,,,,0,,,0.9,,0.9,0.3,0.42,-0.12,0.72,141.42%,0.51,,,,,34,,,,,,,,,35,,,37,,0,0,2,1,0,0
78,Sean Renfree,QB,ATL,2,,,,-0.4,,,,,,,,,,-1.6,,,,-2,-1,0.6,-1.6,-0.4,-60.00%,0.67,,,,,36,,,,,,,,,,41,,,,0,0,1,1,0,0
59,Dan Orlovsky,QB,DET,1,,,,,9.6,,,,,,,,,,,,,9.6,9.6,0,9.6,9.6,0.00%,#DIV/0!,,,,,,23,,,,,,,,,,,,,0,1,0,0,0,1
53,Landry Jones,QB,PIT,7,,,,,,14.6,6.2,,3.2,0.9,,-2.6,-0.1,-0.1,,,,22.1,3.16,5.34,-2.18,8.5,169.16%,5.02,,,,,,,21,27,,27,31,,38,37,38,,,,0,1,3,3,0,1
40,Matt Cassel,QB,DAL,8,,,,,,,7.5,8.2,23.7,5.6,,8.6,8.6,3.2,-0.5,,,64.9,8.11,6.6,1.51,14.71,81.35%,18.08,,,,,,,,22,24,6,28,,29,25,32,43,,,1,2,4,1,0,3
71,Matt Moore,QB,MIA,1,,,,,,,0.4,,,,,,,,,,,0.4,0.4,0,0.4,0.4,0.00%,#DIV/0!,,,,,,,,31,,,,,,,,,,,0,0,1,0,0,0
54,Geno Smith,QB,NYJ,1,,,,,,,,20,,,,,,,,,,20,20,0,20,20,0.00%,#DIV/0!,,,,,,,,,10,,,,,,,,,,1,0,0,0,0,1
73,Chase Daniel,QB,KC,2,,,,,,,,0.2,,,,,,,-0.2,,,0,0,0.2,-0.2,0.2,0.00%,#DIV/0!,,,,,,,,,30,,,,,,,41,,,0,0,1,1,0,0
27,Blaine Gabbert,QB,SF,8,,,,,,,,,14.6,,16.8,15.8,25.3,13.7,10.8,15.9,16.9,129.8,16.23,3.9,12.32,20.13,24.06%,83.67,,,,,,,,,,20,,12,18,10,18,28,14,12,3,4,1,0,0,7
72,Shaun Hill,QB,MIN,3,,,,,,,,,0.5,,0,,,,,-0.4,,0.1,0.03,0.37,-0.33,0.4,1104.54%,0.04,,,,,,,,,,28,,30,,,,,41,,0,0,2,1,0,0
41,AJ McCarron,QB,CIN,7,,,,,,,,,-0.2,,,0.1,0.8,16,11.9,12.1,14.6,55.3,7.9,6.77,1.13,14.67,85.72%,17.11,,,,,,,,,,31,,,35,34,14,26,24,17,0,3,4,0,0,3
30,Brock Osweiler,QB,DEN,8,,,,,,,,,,9.6,18.4,13.2,8.7,13.3,29.7,16.5,7.3,116.7,14.59,6.73,7.85,21.32,46.17%,46.18,,,,,,,,,,,23,8,26,24,21,4,12,29,3,3,2,0,0,6
52,TJ Yates,QB,HOU,4,,,,,,,,,,6.6,14.7,,,0.2,1.4,,,22.9,5.73,5.71,0.01,11.44,99.79%,11.46,,,,,,,,,,,26,15,,,36,35,,,0,1,3,0,0,1
49,Mark Sanchez,QB,PHI,3,,,,,,,,,,4.6,13.8,14.4,,,,,,32.8,10.93,4.49,6.45,15.42,41.02%,37.59,,,,,,,,,,,29,16,21,,,,,,0,2,1,0,0,2
42,Case Keenum,QB,STL,5,,,,,,,,,,,5.4,,,3.2,17.1,8.5,9.4,43.6,8.72,4.74,3.98,13.46,54.33%,24.77,,,,,,,,,,,,28,,,32,18,29,26,0,1,4,0,0,1
66,Derek Anderson,QB,CAR,3,,,,,,,,,,,0.2,,,1.2,,,-0.2,1.2,0.4,0.59,-0.19,0.99,147.20%,0.67,,,,,,,,,,,,29,,,34,,,40,0,0,2,1,0,0
51,Matt Schaub,QB,BAL,2,,,,,,,,,,,,14.3,12.3,,,,,26.6,13.3,1,12.3,14.3,7.52%,190.16,,,,,,,,,,,,,22,23,,,,,0,2,0,0,0,2
55,Austin Davis,QB,CLE,3,,,,,,,,,,,,7.8,5.6,,,,5.8,19.2,6.4,0.99,5.41,7.39,15.52%,47.62,,,,,,,,,,,,,30,29,,,,33,0,0,3,0,0,0
66,Sean Mannion,QB,STL,1,,,,,,,,,,,,1.2,,,,,,1.2,1.2,0,1.2,1.2,0.00%,#DIV/0!,,,,,,,,,,,,,34,,,,,,0,0,1,0,0,0
65,Charlie Whitehurst,QB,IND,4,,,,,,,,,,,,,2,-1.5,0.5,3,,4,1,1.7,-0.7,2.7,169.56%,1.59,,,,,,,,,,,,,,33,40,37,36,,0,0,2,2,0,0
70,Tarvaris Jackson,QB,SEA,4,,,,,,,,,,,,,-0.2,0.1,-0.1,,0.9,0.7,0.18,0.43,-0.26,0.61,247.02%,0.25,,,,,,,,,,,,,,39,37,38,,38,0,0,0,4,0,0
46,Jimmy Clausen,QB,BAL,4,,2.3,3.8,,,,,,,,,,,8.8,18.2,,,33.1,8.28,6.22,2.06,14.49,75.11%,19.29,,,36,34,,,,,,,,,,,28,16,,,0,1,3,0,0,1
74,Scott Tolzien,QB,GB,2,,,,,,,,,,,,,,-0.3,,0.2,,-0.1,-0.05,0.25,-0.3,0.2,-500.00%,-0.04,,,,,,,,,,,,,,,39,,39,,0,0,0,2,0,0
38,Brandon Weeden,QB,HOU,6,,8,7.3,14.3,7.3,,,,,,,,,,8.8,21.1,,66.8,11.13,5.07,6.07,16.2,45.51%,35.6,,,31,28,20,25,,,,,,,,,,31,5,,1,1,4,0,0,2
48,Kellen Moore,QB,DAL,3,,,,,,,,,,,,,,,4.3,5.3,23.4,33,11,8.78,2.22,19.78,79.80%,24.79,,,,,,,,,,,,,,,,34,33,4,1,0,2,0,0,1
74,Trevor Siemian,QB,DEN,1,,,,,,,,,,,,,,,-0.1,,,-0.1,-0.1,0,-0.1,-0.1,0.00%,#DIV/0!,,,,,,,,,,,,,,,,38,,,0,0,0,1,0,0
36,Ryan Mallett,QB,BAL,7,8.5,18.4,11,4,0,,,,,,,,,,,15,12.1,69,9.86,5.84,4.01,15.7,59.29%,26.48,,29,18,22,32,32,,,,,,,,,,,16,20,0,4,3,0,0,4
62,Ryan Nassib,QB,NYG,1,,,,,,,,,,,,,,,,6.7,,6.7,6.7,0,6.7,6.7,0.00%,#DIV/0!,,,,,,,,,,,,,,,,,31,,0,0,1,0,0,0
68,BJ Daniels,QB,HOU,3,,,,0,,,,,,,,,0,,,0.9,,0.9,0.3,0.42,-0.12,0.72,141.42%,0.51,,,,,34,,,,,,,,,35,,,37,,0,0,2,1,0,0
57,Josh Freeman,QB,IND,1,,,,,,,,,,,,,,,,,10.4,10.4,10.4,0,10.4,10.4,0.00%,#DIV/0!,,,,,,,,,,,,,,,,,,24,0,1,0,0,0,1
60,Colt McCoy,QB,WAS,1,,,,,,,,,,,,,,,,,8.8,8.8,8.8,0,8.8,8.8,0.00%,#DIV/0!,,,,,,,,,,,,,,,,,,27,0,0,1,0,0,0
61,Alex Tanney,QB,TEN,1,,,,,,,,,,,,,,,,,8,8,8,0,8,8,0.00%,#DIV/0!,,,,,,,,,,,,,,,,,,28,0,0,1,0,0,0
64,Ryan Lindley,QB,IND,1,,,,,,,,,,,,,,,,,6.3,6.3,6.3,0,6.3,6.3,0.00%,#DIV/0!,,,,,,,,,,,,,,,,,,31,0,0,1,0,0,0
61,Carlos Hyde,RB,SF,7,32.2,10.1,7.1,3.2,16.7,8,4,,,,,,,,,,,81.3,11.61,9.37,2.25,20.98,80.65%,26.01,,1,26,41,54,17,31,56,,,,,,,,,,,1,1,2,3,1,4
7,Matt Forte,RB,CHI,13,27.6,14.5,7.4,17.5,21.9,17.9,,10.9,,,,6.3,23.3,12.3,22.4,10.7,20,212.7,16.36,6.34,10.03,22.7,38.72%,58.63,,2,13,36,14,9,10,,22,,,,42,5,20,4,36,7,6,4,2,1,1,12
11,Chris Ivory,RB,NYJ,15,23,8,,22.6,,28.6,13.3,7.1,19.8,13.5,5.5,18.2,9.9,11.7,5.2,8.2,8.1,202.7,13.51,7.03,6.49,20.54,51.99%,39.51,,3,37,,5,,2,22,35,12,15,40,8,27,22,55,49,41,5,3,2,5,1,10
76,Bishop Sankey,RB,TEN,12,22.6,4.2,6.1,,7.3,3,0,-2,,0.7,,,0,,5.3,8.4,1.6,57.2,4.77,6.2,-1.43,10.96,130.02%,8.43,,4,58,47,,40,58,83,81,,71,,,99,,54,46,83,1,0,0,11,1,1
3,Danny Woodhead,RB,SD,16,22.2,16.4,7.3,17.8,12.6,12.1,33.1,6.5,23.1,,2.6,10.7,6.4,4.3,36,18.8,14.2,244.1,15.26,9.41,5.85,24.66,61.67%,39.99,,5,9,40,12,26,18,2,38,6,,57,25,38,61,2,11,14,7,2,2,5,1,11
50,Jamaal Charles,RB,KC,5,21.3,18.7,31.2,20.5,9.4,,,,,,,,,,,,,101.1,20.22,6.95,13.27,27.17,34.35%,79.1,,6,5,2,8,35,,,,,,,,,,,,,4,0,1,0,1,5
12,Mark Ingram,RB,NO,12,20.2,12.8,20.9,18.8,9.4,20.6,22.8,15.9,13.4,12.8,,15.7,17.9,,,,,201.2,16.77,3.92,12.85,20.69,23.38%,88.49,,7,16,11,10,35,8,6,9,18,19,,12,15,,,,,7,4,1,0,1,12
28,Darren Sproles,RB,PHI,16,19.6,5.9,13.6,1.7,4.7,1.7,9,,4.6,8.4,14.9,6.5,14,12.5,5.5,13.5,13.4,149.5,9.34,5.1,4.24,14.44,54.58%,26.46,,8,51,19,64,48,67,30,,39,30,16,41,19,19,52,30,19,1,5,3,7,1,9
43,Ameer Abdullah,RB,DET,15,19.4,2.8,12.2,6.4,1.6,9.9,4.3,,,3.2,5.6,8.5,6.7,6.4,14.9,8.8,6.1,116.8,7.79,4.62,3.17,12.41,59.31%,20.92,,9,66,22,41,66,24,55,,,50,38,35,36,47,16,44,54,1,3,2,9,1,6
19,Jeremy Hill,RB,CIN,16,18.3,1.1,2.1,22,3.5,13.9,,7.8,6.2,5,16.5,11,15.8,4.4,13.1,8.1,19.5,168.3,10.52,6.44,4.08,16.96,61.23%,27.7,,10,81,75,6,56,15,,30,34,41,12,22,16,59,20,51,8,4,4,2,6,1,10
15,DeMarco Murray,RB,PHI,15,18,10.5,,6.8,25,21.3,9,,28.1,17.9,11.1,3,2.4,5.7,0.3,14.1,10.9,184.1,12.27,8.08,4.2,20.35,65.82%,30.92,,11,25,,39,4,7,30,,3,7,25,62,73,49,95,27,29,5,0,5,5,1,10
32,Eddie Lacy,RB,GB,15,17.9,0.9,11.7,10.3,4.5,4,,11.7,-1,,11.6,21.9,1.1,21.8,2.3,15.8,6.1,140.6,9.37,7.32,2.06,16.69,78.07%,21.38,,12,84,23,29,51,49,,18,70,,21,4,89,5,75,20,54,3,4,1,7,1,8
64,Marcel Reece,RB,OAK,15,17.6,2.6,6.6,3.6,18.5,,4.5,5.6,2.1,1,0.2,1.7,5.3,0.2,6.7,2.3,,78.5,5.23,5.43,-0.2,10.67,103.81%,10.28,,13,67,45,51,13,,51,41,49,64,73,75,51,94,44,76,,0,2,0,13,1,2
74,Benny Cunningham,RB,STL,14,16.2,6.7,5,2.4,4.8,,4.4,,,1.2,3,2.7,0,3.2,0.8,4.4,10.2,65,4.64,4.06,0.58,8.7,87.44%,9.95,,14,46,53,58,46,,53,,,63,54,65,99,68,92,61,31,0,1,1,12,1,2
42,Dion Lewis,RB,NE,7,16,23.8,17.7,,23.3,6.9,,23.2,9.3,,,,,,,,,120.2,17.17,6.4,10.77,23.57,37.29%,63.21,,15,3,15,,6,34,,2,28,,,,,,,,,3,2,2,0,1,7
63,Marshawn Lynch,RB,SEA,7,15.4,9.2,3.3,,,12.4,18.2,10.2,,12,,,,,,,,80.7,11.53,4.4,7.13,15.93,38.15%,41.76,,16,29,63,,,17,11,24,,21,,,,,,,,1,4,1,1,1,6
79,Lance Dunbar,RB,DAL,4,15,8.3,20.5,5.4,,,,,,,,,,,,,,49.2,12.3,5.88,6.42,18.18,47.78%,38.05,,17,34,12,45,,,,,,,,,,,,,,1,1,1,1,1,3
10,Latavius Murray,RB,OAK,16,15,17.7,21.9,9.1,8.7,,15.6,12.9,9.5,12.7,8.8,9.2,19.7,2.7,9,22.7,9.6,204.8,12.8,5.37,7.43,18.17,41.99%,43.27,,17,6,10,32,37,,16,14,26,20,32,32,8,71,30,5,36,4,4,6,2,1,14
16,Giovani Bernard,RB,CIN,16,14.8,16.9,11.3,12.2,15.1,14.3,,5.4,9.6,12.9,22.6,8.7,4.5,9.7,9.1,8.3,5.8,181.2,11.33,4.58,6.75,15.9,40.43%,39.33,,19,8,24,25,22,14,,42,25,18,5,34,58,30,29,47,56,2,5,5,4,1,12
6,DeAngelo Williams,RB,PIT,16,14.2,31.2,0.2,0.5,2,-0.1,2.7,15,36.5,7.9,,24.7,19.5,23.1,16.6,31.3,4.1,229.4,14.34,12.02,2.31,26.36,83.87%,31.43,,20,1,95,76,64,82,63,10,1,31,,3,11,4,10,2,64,8,1,1,6,1,10
69,Joseph Randle,RB,DAL,6,13.7,7.5,30.5,8.6,11.3,,2.4,,,,,,,,,,,74,12.33,8.84,3.49,21.17,71.68%,29.53,,21,41,3,33,30,,65,,,,,,,,,,,1,1,2,2,1,4
68,Andre Ellington,RB,ARI,10,12.6,,,,12.3,7.4,7.9,0,,17.8,1.7,7.6,,,,5.5,1.9,74.7,7.47,5.3,2.17,12.77,70.91%,18.01,,22,,,,28,33,33,73,,9,61,36,,,,58,78,1,1,4,4,1,6
8,David Johnson,RB,ARI,16,12.5,11.5,7.1,16.1,12.6,2.7,4.4,6.8,,1.8,10.6,10.9,20,17.3,44.9,21.7,8.9,209.8,13.11,9.93,3.18,23.05,75.75%,30.43,,23,20,41,16,26,60,53,37,,58,27,23,7,8,1,7,37,4,4,2,6,1,10
52,Alfred Morris,RB,WAS,16,12.1,9.2,1.9,8.5,1.5,4.2,1.7,,1,14.8,0,10,1.2,8.4,8.4,4.9,10,97.8,6.11,4.46,1.65,10.57,72.99%,14.48,,24,29,78,35,68,47,70,,59,13,74,28,86,37,33,59,34,0,2,5,9,1,7
24,Jonathan Stewart,RB,CAR,13,12.1,6.9,5.2,5,,21.6,12.5,13.3,7.8,15.1,18.4,10.7,18.3,15.9,,,,162.8,12.52,5.09,7.43,17.61,40.63%,43.34,,24,44,50,46,,6,24,13,32,12,8,25,14,10,,,,4,4,2,3,1,10
71,Khiry Robinson,RB,NO,8,12,6.7,10,10.1,5.2,6.7,16.1,3.7,,,,,,,,,,70.5,8.81,3.78,5.03,12.59,42.92%,29.33,,26,46,26,30,45,36,14,51,,,,,,,,,,0,1,4,3,1,5
37,Ryan Mathews,RB,PHI,13,11.8,0,18.8,0,18.6,5.6,21.1,,12.7,12,,,,6.2,5.1,9.8,2.8,124.5,9.58,6.77,2.8,16.35,70.73%,23.12,,27,98,14,81,12,40,7,,22,21,,,,48,58,40,71,2,3,1,7,1,6
18,LeSean McCoy,RB,BUF,12,11.7,14.6,9.6,,,17.4,10.4,,19.9,20.9,24.3,17.1,11.2,14.9,4.7,,,176.7,14.73,5.3,9.43,20.02,35.96%,55.67,,28,12,27,,,11,29,,10,6,2,10,23,13,61,,,6,2,3,1,1,11
19,Theo Riddick,RB,DET,15,11.7,7.6,14.6,8.6,21.3,10.8,7.8,,,5.6,13.6,17.8,8.1,13.2,5,15.3,7.3,168.3,11.22,4.55,6.67,15.77,40.52%,38.92,,28,39,17,33,10,21,34,,,36,18,9,32,17,60,23,49,2,5,5,3,1,12
38,Karlos Williams,RB,BUF,11,11.5,11.7,17,16,,,,,23,12,1.1,0.5,,,4.1,15.7,11.7,124.3,11.3,6.63,4.67,17.93,58.71%,30.54,,30,19,16,17,,,,,7,21,67,85,,,67,21,26,1,5,2,3,1,8
22,Rashad Jennings,RB,NYG,16,11.2,4.4,8.7,17.2,10.7,9.3,1.9,10.5,5.7,7.1,,4.8,4.3,12.2,15.7,15.6,25.6,164.9,10.31,5.86,4.44,16.17,56.90%,28.42,,31,55,33,15,32,27,69,23,35,32,,48,61,21,14,22,1,1,5,6,4,1,12
26,Shane Vereen,RB,NYG,16,10,17.5,2.3,2.1,25,1.6,7.2,20.3,14.3,4.6,,7.6,4,2,21.2,4.4,14.4,158.5,9.91,7.57,2.34,17.48,76.42%,22.87,,32,7,73,61,4,69,36,4,15,43,,36,65,81,5,61,13,4,2,3,7,1,9
34,Bilal Powell,RB,NYJ,11,9.8,9.4,14.5,2.2,,0.9,,,,,13.9,5.5,24.8,19.2,20.9,14,,135.1,12.28,7.27,5.01,19.55,59.17%,33.04,,33,28,18,60,,73,,,,,17,46,3,7,6,28,,3,2,3,3,1,8
27,TJ Yeldon,RB,JAC,12,9.7,11.3,6.2,12.9,17.3,,19.4,,13.1,11.7,11.2,12.2,23.6,7.3,,,,155.9,12.99,4.74,8.25,17.73,36.51%,48.56,,34,21,46,23,15,,10,,20,24,24,20,4,40,,,,2,7,1,2,1,10
41,Justin Forsett,RB,BAL,10,9.6,12,6.9,15,27,17.1,13.4,8.4,,10.4,2.6,,,,,,,122.4,12.24,6.3,5.94,18.54,51.48%,36.01,,35,18,43,20,3,12,20,28,,25,57,,,,,,,2,3,3,2,1,8
31,CJ Anderson,RB,DEN,15,8.8,3.9,3.7,8,6,10.6,,17.6,4.8,0.9,9.2,31.3,6.4,,3,13.1,14,141.3,9.42,7.32,2.1,16.74,77.68%,21.55,,36,59,60,36,43,22,,7,36,65,30,2,38,,73,31,16,2,2,5,6,1,9
5,Lamar Miller,RB,MIA,16,8.5,9.2,9.5,4.6,,19.8,38.6,14.4,33.1,21.3,7.5,4.3,10.8,20.9,4.4,17.7,7.3,231.9,14.49,9.87,4.62,24.37,68.13%,35.77,,37,29,28,47,,9,1,11,2,5,34,49,25,6,64,13,49,6,1,4,5,1,11
2,Adrian Peterson,RB,MIN,16,8.2,19.2,24.6,19.4,,6.7,14,12.9,22.3,29.6,12.1,32.7,6.4,13.6,6.3,18.9,13.8,260.7,16.29,7.82,8.47,24.12,48.02%,50.23,,38,4,7,9,,36,19,14,8,3,20,1,38,15,48,9,17,7,5,1,3,1,13
87,Tevin Coleman,RB,ATL,12,8,9.2,,,0.3,2,1.4,3.1,0.3,,2.8,9,2.7,1.5,2.3,,,42.6,3.55,3.12,0.43,6.67,87.89%,7.59,,39,29,,,78,65,72,55,64,,55,33,70,86,75,,,0,0,2,10,1,2
1,Devonta Freeman,RB,ATL,15,7.7,15.9,42.3,37.9,32.7,35.6,15,19.1,21.9,,4.3,,20.3,7.2,23.1,18,15.9,316.9,21.13,11.08,10.05,32.21,52.45%,61.41,,40,11,1,1,2,1,17,5,9,,46,,6,41,3,12,12,11,1,0,3,1,12
47,Melvin Gordon,RB,SD,14,7.7,10.8,5.1,6.6,14.4,0.9,2.9,11.1,8.6,,5.9,13,5.3,10.3,5.7,,,108.3,7.74,3.7,4.03,11.44,47.87%,23.9,,40,23,52,40,23,73,61,21,29,,37,17,51,27,50,,,0,4,2,8,1,6
140,Will Johnson,RB,PIT,5,6.7,,,,,,,0,,,,3.6,0,,,0,,10.3,2.06,2.71,-0.65,4.77,131.39%,3.63,,42,,,,,,,73,,,,58,99,,,97,,0,0,0,5,1,0
73,Denard Robinson,RB,JAC,12,6.5,0.9,,,,6.8,,,0.2,0.1,2.7,4.2,3.3,15.7,15.4,12.1,-1.1,66.8,5.57,5.66,-0.09,11.23,101.70%,11.04,,43,84,,,,35,,,67,74,56,51,69,11,15,32,99,1,1,2,8,1,4
4,Doug Martin,RB,TB,16,6.4,9.8,4.6,25.3,36.8,,20.1,8.8,4.3,14.3,23.5,10.8,15,15.6,10.7,8.5,17.8,232.3,14.52,8.39,6.13,22.9,57.76%,39.65,,44,27,56,4,1,,9,27,41,14,3,24,17,12,27,45,10,6,3,3,4,1,12
51,Joique Bell,RB,DET,12,6.1,3.8,7.4,,,,5.5,,,5.5,5,16.2,5,9.5,18.1,10.2,7.8,100.1,8.34,4.35,3.99,12.69,52.15%,24.33,,45,60,36,,,,49,,,37,42,11,54,32,9,39,44,2,0,2,8,1,4
124,Anthony Dixon,RB,BUF,8,6.1,,-0.1,4,6.9,,,,,,,0.8,0.6,,1.9,,0.6,20.8,2.6,2.54,0.06,5.14,97.79%,5.26,,45,,97,49,41,,,,,,,82,95,,78,,92,0,0,0,8,1,0
45,Alfred Blue,RB,HOU,14,5.9,2,19.9,1.7,4.3,,0.8,12.2,,4.1,18.2,15.1,1.4,,8.7,6,11.4,111.7,7.98,6.18,1.8,14.16,77.42%,18.29,,47,70,13,64,52,,76,16,,46,9,13,85,,32,56,27,1,3,2,8,1,6
53,Kyle Juszczyk,RB,BAL,16,5.7,2.1,3.1,1.3,12.1,4.2,11.5,4.9,,9.7,4.3,3.8,0.8,0,13.6,10.5,9.8,97.4,6.09,4.29,1.8,10.38,70.48%,14.73,,48,69,65,70,29,47,26,45,,26,46,54,92,99,17,37,35,0,1,4,11,1,5
98,Jamize Olawale,RB,OAK,10,5.5,,,-0.1,1.3,,0.4,,7.9,8.9,3.7,1.7,2.7,,,,2.4,34.4,3.44,2.92,0.52,6.36,84.76%,7.5,,49,,,87,69,,79,,31,27,50,75,70,,,,74,0,0,2,8,1,2
17,Charles Sims,RB,TB,16,5.5,8.2,13.2,14.3,17.6,,6.6,7.6,7.2,5.1,15.9,6.9,9.7,13.4,10.2,20.7,17.9,180,11.25,4.79,6.46,16.04,42.58%,37.67,,49,35,20,21,14,,40,33,33,40,14,40,29,16,28,8,9,2,5,5,4,1,12
33,Isaiah Crowell,RB,CLE,16,5.3,13.2,3.6,15.5,16.7,6.1,0.9,3.6,9.4,0.9,,0.7,7.4,28.4,6,14.8,5.3,137.8,8.61,7.21,1.4,15.83,83.76%,18.9,,51,15,61,19,17,39,75,52,27,65,,84,34,1,49,24,58,1,4,2,9,1,7
85,Matt Asiata,RB,MIN,15,5.2,0.8,3.5,0.3,,4.5,2.5,4.1,0.4,4.5,1.9,5,-0.1,5,4.4,1.4,,43.4,2.89,1.88,1.01,4.77,65.03%,7.34,,52,86,62,79,,45,64,48,62,45,59,47,104,57,64,86,,0,0,0,15,1,0
14,Frank Gore,RB,IND,16,5.1,5.1,22.4,11.7,15.8,11.4,12.5,12.2,17.2,,11,5.7,18.4,6.9,6.9,23.5,7.6,193.4,12.09,5.76,6.33,17.85,47.65%,37.46,,53,53,9,26,21,20,24,16,14,,26,43,13,44,43,4,47,2,6,2,6,1,10
58,Jerick McKinnon,RB,MIN,16,4.8,0.6,1.8,0.6,,0.2,4.7,1.8,3.1,1.7,3.5,3.3,5.4,1.8,18.6,23.7,7.8,83.4,5.21,6.39,-1.18,11.61,122.67%,9.46,,54,88,79,75,,78,50,62,44,60,52,60,47,83,8,3,44,2,0,0,14,1,2
13,Darren McFadden,RB,DAL,16,4.5,7.2,9.5,3.1,16.8,,24.2,17.3,13.2,8.8,17.9,9.6,8.9,11.1,13.3,10.8,17.5,193.7,12.11,5.37,6.74,17.47,44.32%,39.42,,55,42,28,55,16,,5,8,19,28,10,31,30,23,19,35,11,4,4,5,3,1,13
29,Javorius Allen,RB,BAL,16,4.4,1.7,1.2,1.9,5.8,3.1,4.5,6.1,,3.3,16.5,18.4,35,8.8,-0.2,22.4,13,145.9,9.12,9.33,-0.21,18.45,102.31%,18.03,,56,75,85,63,44,57,51,40,,49,12,7,1,36,101,6,21,4,1,1,10,1,6
25,Ronnie Hillman,RB,DEN,16,4.1,3.4,8.6,17.8,3.6,14.5,,18.5,0.1,13.1,11.4,12.9,5.6,13.1,2.8,11.2,20.7,161.4,10.09,6.07,4.02,16.16,60.16%,26.86,,57,63,34,12,55,13,,6,68,17,22,18,45,18,74,33,6,3,5,2,6,1,10
70,Chris Polk,RB,HOU,15,4.1,6.7,0.5,14,4.2,4.9,3.8,3.2,,1.4,,3.7,14.2,6.8,0.6,3.8,0.4,72.3,4.82,4.12,0.7,8.94,85.42%,10.47,,57,46,93,22,54,42,58,53,,62,,55,18,46,93,68,93,0,2,0,13,1,2
57,Jonathan Grimes,RB,HOU,13,4,10.7,7.8,,,,0,3.2,,5.5,9.5,4.3,6.3,8.2,0.1,2.5,21.4,83.5,6.42,5.37,1.05,11.8,83.66%,14.1,,59,24,35,,,,83,53,,37,29,49,44,38,98,75,5,1,1,2,9,1,4
66,Fred Jackson,RB,SEA,15,3.9,7.6,4.2,7.4,6.4,2.7,7.5,1.9,,,4.2,3.1,9.8,3.3,3.7,10.4,1.6,77.7,5.18,2.7,2.48,7.88,52.18%,15.1,,60,39,58,38,42,60,35,61,,,48,61,28,67,70,38,83,0,0,2,13,1,2
128,Knile Davis,RB,KC,9,3.8,6.9,,,0.2,3.5,0.2,0.9,,,,0.1,,0.6,1.4,,,17.6,1.96,2.19,-0.23,4.14,111.91%,3.7,,61,44,,,82,54,81,66,,,,91,,91,85,,,0,0,0,9,1,0
48,Chris Johnson,RB,ARI,11,3.7,7.2,28,12.4,10.3,5.5,18.2,6.9,,5.8,7.5,1.7,,,,,,107.2,9.75,7.18,2.57,16.92,73.64%,22.98,,62,42,5,24,34,41,11,36,,35,34,75,,,,,,2,1,4,4,1,7
114,Rex Burkhead,RB,CIN,12,3.4,1.8,,3.7,-2.2,,,,1.7,0,1.7,2.8,1.6,7.5,,1.8,0,23.8,1.98,2.27,-0.29,4.25,114.42%,3.71,,63,73,,50,88,,,,52,75,61,64,83,39,,81,97,0,0,0,12,1,0
96,Branden Oliver,RB,SD,6,3.1,0.2,2.6,,,10.3,13.4,5.4,,,,,,,,,,35,5.83,4.6,1.23,10.44,78.89%,13.23,,64,95,67,,,23,20,42,,,,,,,,,,0,2,0,4,1,2
157,Tyler Varga,RB,IND,1,3,,,,,,,,,,,,,,,,,3,3,0,3,3,0.00%,#DIV/0!,,65,,,,,,,,,,,,,,,,,0,0,0,1,1,0
132,Austin Johnson,RB,NO,5,2.9,6.1,0.4,,,,,,,,,,,,1.6,3.9,,14.9,2.98,1.96,1.02,4.94,65.67%,7.52,,66,49,94,,,,,,,,,,,,81,67,,0,0,0,5,1,0
44,Matt Jones,RB,WAS,13,2.8,27.6,1.8,1.1,10.7,,8.1,,4.4,27.7,1.2,7.4,6.4,10.6,4.6,,,114.4,8.8,8.61,0.19,17.41,97.89%,17.79,,67,2,79,72,32,,32,,40,4,65,38,38,26,62,,,2,0,3,8,1,5
108,Taiwan Jones,RB,OAK,8,2.8,2.5,1.6,,,,7.2,13.4,-0.4,,,,,0.2,,1.5,,28.8,3.6,4.28,-0.68,7.88,119.00%,6.62,,67,68,82,,,,36,12,69,,,,,94,,83,,1,0,1,6,1,2
59,Mike Tolbert,RB,CAR,16,2.8,5.5,7.4,0.7,,1,14.8,5,0.7,3.1,9,1.6,13.1,5,1,4.9,7.4,83,5.19,4.17,1.02,9.35,80.33%,11.64,,67,52,36,74,,72,18,44,61,51,31,78,21,57,89,59,48,0,2,2,12,1,4
94,Fozzy Whittaker,RB,CAR,13,2.5,0.3,2.4,2,,4.3,0,0.3,1.3,,1.8,,1.1,9.8,3.6,5.8,,35.2,2.71,2.6,0.1,5.31,96.17%,5.52,,70,92,68,62,,46,83,68,54,,60,,89,29,71,57,,0,0,1,12,1,1
151,Bobby Rainey,RB,TB,6,2.4,1.8,,,,,1.4,,0.3,,0.5,,,,,,-2,4.4,0.73,1.42,-0.69,2.15,193.44%,1.11,,71,73,,,,,72,,64,,68,,,,,,100,0,0,0,6,1,0
72,Brandon Bolden,RB,NE,11,2.3,1.3,,,,,,,12.9,-0.3,1.5,19.5,3.4,5.1,7.4,11,5.6,69.7,6.34,5.71,0.62,12.05,90.16%,13.37,,72,77,,,,,,,21,82,64,6,68,56,41,34,57,1,1,1,8,1,3
23,Duke Johnson,RB,CLE,16,2.2,4.3,9.5,26.6,13.7,8.6,16,9.1,11.8,6.8,,10,7.2,9.4,13.5,7.1,8.5,164.3,10.27,5.39,4.88,15.66,52.50%,29.83,,73,56,28,3,25,29,15,25,24,33,,28,35,33,18,52,40,1,3,8,4,1,12
112,Terrance West,RB,TEN,8,2.1,-1,,,,,,,,,,3.7,4.6,1.6,6.6,4.2,3.2,25,3.13,2.13,1,5.25,68.01%,7.72,,74,99,,,,,,,,,,55,55,84,46,63,69,0,0,0,8,1,0
148,Jacquizz Rodgers,RB,CHI,5,1.6,0.8,3.1,0.3,0.3,,,,,,,,,,,,,6.1,1.22,1.05,0.17,2.27,86.34%,2.63,,76,86,65,79,78,,,,,,,,,,,,,0,0,0,5,1,0
167,Corey Grant,RB,JAC,5,1.5,0.1,2.4,,-2.6,0.1,,,,,,,,,,,,1.5,0.3,1.69,-1.39,1.99,564.51%,0.35,,77,97,68,,89,79,,,,,,,,,,,,0,0,0,5,1,0
150,Bernard Pierce,RB,JAC,4,1.4,0.4,2.4,,0.6,,,,,,,,,,,,,4.8,1.2,0.79,0.41,1.99,65.62%,3.03,,78,89,68,,73,,,,,,,,,,,,,0,0,0,4,1,0
99,Andre Williams,RB,NYG,16,1.4,4.3,8.9,3.5,0,0.6,1.3,0.7,4.7,0.2,,0.1,2.2,0.3,2.1,0.5,2.6,33.4,2.09,2.28,-0.19,4.37,109.25%,4,,78,56,32,52,85,76,74,67,37,73,,91,74,92,77,92,72,0,0,1,15,1,1
84,Damien Williams,RB,MIA,13,1.3,11,3.2,1.1,,0.5,2.9,,,0,,3,1.6,3.1,3.2,6.3,7.9,45.1,3.47,3.04,0.43,6.51,87.52%,7.44,,80,22,64,72,,77,61,,,75,,62,83,69,72,55,43,0,1,0,12,1,1
139,Josh Robinson,RB,IND,5,1.1,8.9,0.8,-1.8,2.2,,,,,,,,,,,,,11.2,2.24,3.58,-1.34,5.82,159.78%,3.64,,81,33,90,92,62,,,,,,,,,,,,,0,0,1,4,1,1
54,Chris Thompson,RB,WAS,13,1.1,2,22.6,9.7,10.8,9.8,,,4.1,8.7,4.7,2.6,6.4,,,8.2,1.9,92.6,7.12,5.52,1.6,12.64,77.51%,16.31,,81,70,8,31,31,25,,,42,29,45,67,38,,,49,78,1,0,4,8,1,5
137,Jarryd Hayne,RB,SF,4,1,0.3,,,0.9,,,,,,,,,,,9.7,,11.9,2.98,3.89,-0.92,6.87,130.82%,5.25,,83,92,,,70,,,,,,,,,,,41,,0,0,0,4,1,0
146,Anthony Sherman,RB,KC,4,1,,,,,2.3,,,,,,,0,,,,4.1,7.4,1.85,1.53,0.32,3.38,82.91%,4.08,,83,,,,,64,,,,,,,99,,,,64,0,0,0,4,1,0
143,Darrel Young,RB,WAS,9,1,,0.2,0,,1.8,0.1,,,2,,,,1.2,1.6,,1.7,9.6,1.07,0.74,0.33,1.81,69.46%,2.61,,83,,95,81,,66,82,,,55,,,,89,81,,81,0,0,0,9,1,0
145,Reggie Bush,RB,SF,5,0.8,,,1.6,-0.1,,6.4,0,,,,,,,,,,8.7,1.74,2.41,-0.67,4.15,138.49%,3,,86,,,66,87,,41,73,,,,,,,,,,0,0,0,5,1,0
55,Dexter McCluster,RB,TEN,11,0.8,16.4,5.2,,2.8,13.2,12.8,7.8,4.7,13.2,3.8,,,9,,,,89.7,8.15,4.9,3.26,13.05,60.04%,21.74,,86,9,50,,58,16,23,30,37,16,49,,,35,,,,1,3,2,5,1,6
144,Zach Zenner,RB,DET,4,0.6,,,2.3,4.7,1.5,,,,,,,,,,,,9.1,2.28,1.52,0.75,3.8,66.98%,5.67,,88,,,59,48,70,,,,,,,,,,,,0,0,0,4,1,0
36,Thomas Rawls,RB,SEA,12,0.5,,10.4,5.7,22.9,0.8,6.1,1,,1.9,40.5,14.1,19.3,4.4,,,,127.6,10.63,11.48,-0.85,22.11,107.98%,20.48,,89,,25,43,7,75,42,65,,57,1,14,12,59,,,,3,1,1,7,1,5
75,Shaun Draughn,RB,CLE,8,0.4,,1.2,1.5,,,,,13.6,,,13.6,19.6,7.1,5.2,,,62.2,7.78,6.63,1.14,14.41,85.29%,16.9,,90,,85,67,,,,,16,,,15,9,42,55,,,1,2,0,5,1,3
141,Tommy Bohanon,RB,NYJ,5,0.2,,,,,,5.6,,,2.8,,0,,1.2,,,,9.8,1.96,2.07,-0.11,4.03,105.73%,3.81,,92,,,,,,48,,,52,,96,,89,,,,0,0,0,5,1,0
152,Derrick Coleman,RB,SEA,5,0.2,1,,,,,,,,,,0.1,,1.9,1,,,4.2,0.84,0.65,0.19,1.49,77.74%,1.92,,92,83,,,,,,,,,,91,,82,89,,,0,0,0,5,1,0
21,James Starks,RB,GB,16,0.2,12.6,6.1,5.9,7.6,24.7,,3.8,24.2,15.6,5.4,12,11,26.3,4.6,-0.9,7.2,166.3,10.39,8.19,2.2,18.58,78.80%,23.58,,92,17,47,42,38,3,,49,4,11,41,21,24,3,62,101,51,4,3,0,9,1,7
30,Jeremy Langford,RB,CHI,15,0.1,8.1,,0.4,2.2,9.7,,4.6,23.2,37.2,13.2,12.3,8.8,9.4,6.7,8.3,1.4,145.6,9.71,9.32,0.39,19.02,95.97%,19.82,,95,36,,77,62,26,,46,5,1,19,19,31,33,44,47,87,2,2,4,7,1,8
155,Jorvorskie Lane,RB,TB,3,0,,,,,,,,1.5,1.8,,,,,,,,3.3,1.1,0.79,0.31,1.89,71.58%,2.64,,96,,,,,,,,53,58,,,,,,,,0,0,0,3,1,0
174,Isaiah Pead,RB,STL,1,-1.7,,,,,,,,,,,,,,,,,-1.7,-1.7,0,-1.7,-1.7,0.00%,#DIV/0!,,97,,,,,,,,,,,,,,,,,0,0,0,1,1,0
127,Lorenzo Taliaferro,RB,BAL,3,,13.6,1.6,3.4,,,,,,,,,,,,,,18.6,6.2,5.28,0.92,11.48,85.22%,13.47,,,14,82,53,,,,,,,,,,,,,,0,1,0,2,1,1
88,Ty Montgomery,RB,GB,5,,7.7,9.4,5.5,15.9,3.5,,,,,,,,,,,,42,8.4,4.25,4.15,12.65,50.55%,25.02,,,38,31,44,19,54,,,,,,,,,,,,0,1,1,3,1,2
97,Zach Line,RB,MIN,10,,6.1,6.1,0,,1.3,6.1,,,,1.7,1.8,,3.4,7.7,0.3,,34.5,3.45,2.67,0.78,6.12,77.43%,7.9,,,49,47,81,,71,42,,,,61,74,,66,37,93,,0,0,0,10,1,0
78,Tre Mason,RB,STL,13,,5,4.1,-0.1,0.8,,,6.2,0.9,3.7,,10.5,4.3,2.8,1.3,1.6,10.4,51.5,3.96,3.29,0.68,7.25,82.95%,8.74,,,54,59,87,72,,,39,60,47,,27,61,70,86,82,30,0,0,2,11,1,2
129,Mike Davis,RB,SF,5,,3.8,2.1,,,0,,3.8,,,,,,,,,6.9,16.6,3.32,2.27,1.05,5.59,68.40%,8.17,,,60,75,,,80,,49,,,,,,,,,52,0,0,0,5,1,0
62,CJ Spiller,RB,NO,13,,3.6,4.6,21.9,3.2,6.7,10.8,11.6,2,5.4,,2.6,1,3.9,3.8,,,81.1,6.24,5.44,0.8,11.68,87.20%,13.39,,,62,56,7,57,36,27,19,50,39,,67,91,64,68,,,1,1,2,9,1,4
118,Jalston Fowler,RB,TEN,7,,3.2,6.9,,,,,,,2.4,1.2,7.2,,,1.8,,0,22.7,3.24,2.58,0.67,5.82,79.49%,7.32,,,64,43,,,,,,,53,65,39,,,79,,97,0,0,0,7,1,0
91,Patrick DiMarco,RB,ATL,10,,2.9,1.4,0,,3.8,0,1.8,,,17.1,,3.8,3.5,,,1.7,36,3.6,4.7,-1.1,8.3,130.42%,6.36,,,65,84,81,,51,83,62,,,11,,67,65,,,81,1,0,0,9,1,1
102,Terron Ward,RB,ATL,10,,1.9,,16,0,1.7,1.7,1.8,,,4.8,2.5,,,,0.3,1.1,31.8,3.18,4.45,-1.27,7.63,139.96%,5.45,,,72,,17,85,67,70,62,,,43,70,,,,93,89,0,1,0,9,1,1
103,Bruce Miller,RB,SF,10,,1.7,,,4.3,11.9,,0,0.4,,,,1.8,0.3,8.3,0,2.2,30.9,3.09,3.8,-0.71,6.89,123.12%,5.6,,,75,,,52,19,,73,62,,,,80,92,36,97,77,0,1,1,8,1,2
81,Travaris Cadet,RB,NE,6,,1.2,,,,,,,,,,,2.2,5.4,7.6,16.5,12.3,45.2,7.53,5.42,2.11,12.95,71.94%,18,,,78,,,,,,,,,,,74,50,38,14,23,0,2,0,4,1,2
161,Jordan Todman,RB,PIT,3,,1.1,,,,,,,0.3,0.8,,,,,,,,2.2,0.73,0.33,0.4,1.06,45.00%,2.36,,,81,,,,,,,64,67,,,,,,,,0,0,0,3,1,0
39,LeGarrette Blount,RB,NE,12,,0.4,28.2,,7.4,23.4,-0.3,8.4,18.9,15.7,7.1,2.7,5.4,5.3,,,,122.6,10.22,8.82,1.39,19.04,86.37%,22.04,,,89,4,,39,4,90,28,13,10,36,65,47,54,,,,3,1,2,6,1,6
155,Jay Prosch,RB,HOU,4,,0.4,2.4,,,,,,,,0.3,,,,0.2,,,3.3,0.83,0.91,-0.09,1.74,110.55%,1.57,,,89,68,,,,,,,,72,,,,96,,,0,0,0,4,1,0
119,Kerwynn Williams,RB,ARI,5,,0.3,,,,,,,,,,,11.9,0.2,5.6,3.8,,21.8,4.36,4.3,0.06,8.66,98.65%,8.78,,,92,,,,,,,,,,,22,94,51,68,,0,1,0,4,1,1
130,Michael Burton,RB,DET,8,,0.2,,1.3,1.6,,0,,,0,,,,2.2,9,,1.8,16.1,2.01,2.76,-0.75,4.77,137.17%,3.48,,,95,,70,66,,83,,,75,,,,76,30,,80,0,0,1,7,1,1
46,Le'Veon Bell,RB,PIT,6,,,26.2,28,22.7,8.8,17.7,7.8,,,,,,,,,,111.2,18.53,7.92,10.61,26.45,42.74%,61.89,,,,6,2,8,28,13,30,,,,,,,,,,3,1,2,0,1,6
49,Antonio Andrews,RB,TEN,14,,,13.1,,14.4,3.5,5.7,11.2,12.1,0.8,11.4,5.6,13.8,2.4,12,-1.9,2.3,106.4,7.6,5.33,2.27,12.93,70.15%,18.43,,,,21,,23,54,47,20,23,67,22,44,20,74,22,102,76,0,7,0,7,1,7
39,James White,RB,NE,12,,,7.4,,,0,6,0.3,,2.1,18.6,2.6,27.9,14,20.7,14.2,8.8,122.6,10.22,8.55,1.67,18.77,83.69%,22.43,,,,36,,,80,44,68,,54,7,67,2,14,7,26,39,3,1,2,6,1,6
101,Jonas Gray,RB,MIA,7,,,4.9,0,,4.6,6.8,9.1,,,,,,,,3.1,3.7,32.2,4.6,2.66,1.94,7.26,57.75%,12.57,,,,54,81,,43,38,25,,,,,,,,72,66,0,0,1,6,1,1
9,Todd Gurley,RB,STL,13,,,2.4,18.1,15.9,,32.3,23.6,19.9,17.9,10.6,4,4.1,27.7,15.9,16.2,,208.6,16.05,8.7,7.35,24.74,54.20%,45.65,,,,68,11,19,,3,1,10,7,27,53,64,2,13,17,,6,3,1,3,1,10
110,Roy Helu,RB,OAK,8,,,2.2,11.5,4.8,,0.3,0,,,,0.3,2.5,,,,4.8,26.4,3.3,3.58,-0.28,6.88,108.46%,6.34,,,,74,27,46,,80,73,,,,86,72,,,,60,0,0,1,7,1,1
104,Zac Stacy,RB,NYJ,6,,,2.1,10.5,,8.1,4,2.8,2.9,,,,,,,,,30.4,5.07,3.12,1.94,8.19,61.62%,13.29,,,,75,28,,30,56,57,45,,,,,,,,,0,0,2,4,1,2
165,Alonzo Harris,RB,GB,3,,,1.7,,,,,0.2,,0,,,,,,,,1.9,0.63,0.76,-0.13,1.39,119.79%,1.16,,,,81,,,,,72,,75,,,,,,,,0,0,0,3,1,0
131,Juwan Thompson,RB,DEN,7,,,1.1,,2.6,,,-0.1,,0,,0.3,5.1,6.9,,,,15.9,2.27,2.55,-0.28,4.82,112.33%,4.29,,,,88,,61,,,80,,75,,86,53,44,,,,0,0,0,7,1,0
142,Toby Gerhart,RB,JAC,5,,,1,-0.2,0.2,7.9,0.8,,,,,,,,,,,9.7,1.94,3.01,-1.07,4.95,155.17%,3.19,,,,89,91,82,32,76,,,,,,,,,,,0,0,1,4,1,1
95,Cameron Artis-Payne,RB,CAR,6,,,0.6,2.5,,,0,,,,,,,,11.3,6.6,14.1,35.1,5.85,5.34,0.51,11.19,91.35%,12.25,,,,91,57,,,83,,,,,,,,24,54,15,0,2,0,4,1,2
147,Stepfan Taylor,RB,ARI,6,,,0.6,,1.9,,,,,,,0.2,2,1.4,1.1,,,7.2,1.2,0.65,0.55,1.85,54.22%,3.41,,,,91,,65,,,,,,,88,79,88,87,,,0,0,0,6,1,0
110,John Kuhn,RB,GB,9,,,,7.9,0.3,4,,,,0,0.4,,,2.6,7.2,0.3,3.7,26.4,2.93,2.86,0.07,5.79,97.49%,5.94,,,,,37,78,49,,,,75,70,,,72,42,93,66,0,0,0,9,1,0
67,Arian Foster,RB,HOU,4,,,,4.5,20.8,22.2,29.5,,,,,,,,,,,77,19.25,9.13,10.12,28.38,47.45%,59.81,,,,,48,11,5,4,,,,,,,,,,,3,0,0,1,1,3
35,Charcandrick West,RB,KC,12,,,,3.1,4.6,2.9,20.9,22.2,,31.1,8.4,,6.4,5.4,16.5,7.1,4.2,132.8,11.07,8.89,2.18,19.95,80.29%,24.85,,,,,55,50,59,8,3,,2,33,,38,50,11,52,63,4,0,1,7,1,5
168,Tyler Clutts,RB,DAL,1,,,,1.4,,,,,,,,,,,,,,1.4,1.4,0,1.4,1.4,0.00%,#DIV/0!,,,,,69,,,,,,,,,,,,,,0,0,0,1,1,0
171,Cierre Wood,RB,BUF,2,,,,0.4,0.3,,,,,,,,,,,,,0.7,0.35,0.05,0.3,0.4,14.29%,2.8,,,,,77,78,,,,,,,,,,,,,0,0,0,2,1,0
106,Christine Michael,RB,DAL,8,,,,-0.1,0.6,,3,2,,0.8,,,,,8.4,4,10.2,28.9,3.61,3.54,0.07,7.15,97.97%,7.3,,,,,87,73,,59,59,,67,,,,,33,65,31,0,0,2,6,1,2
120,Dan Herron,RB,BUF,8,,,,,2.8,3.7,2.2,,,,,,5.4,4.1,1.6,1.4,0.4,21.6,2.7,1.53,1.17,4.23,56.63%,7.47,,,,,,58,52,67,,,,,,47,62,81,86,93,0,0,0,8,1,0
136,Zurlon Tipton,RB,IND,4,,,,,0.9,,,,,,,,1.7,9.7,0.4,,,12.7,3.18,3.8,-0.62,6.97,119.55%,5.83,,,,,,70,,,,,,,,81,30,94,,,0,0,1,3,1,1
162,Rod Smith,RB,SEA,3,,,,,0.5,,,0,,,,1.6,,,,,,2.1,0.7,0.67,0.03,1.37,95.48%,1.43,,,,,,76,,,73,,,,78,,,,,,0,0,0,3,1,0
160,Jerome Felton,RB,BUF,2,,,,,0.2,,,,,,,2.2,,,,,,2.4,1.2,1,0.2,2.2,83.33%,2.64,,,,,,82,,,,,,,71,,,,,,0,0,0,2,1,0
104,Robert Turbin,RB,CLE,9,,,,,,2.7,5.8,0.3,,,,2.2,4.4,11.1,0.1,2.3,1.5,30.4,3.38,3.22,0.16,6.6,95.32%,6.92,,,,,,,60,45,68,,,,71,59,23,98,76,85,0,1,0,8,1,1
86,Ahmad Bradshaw,RB,IND,6,,,,,,2.6,2.3,3.1,8.1,,21.2,5.6,,,,,,42.9,7.15,6.6,0.55,13.75,92.30%,14.9,,,,,,,63,66,55,30,,6,44,,,,,,1,0,1,4,1,2
109,Orleans Darkwa,RB,NYG,8,,,,,,,10.8,2.3,2.3,1.5,,0.2,4.3,2.6,,3.4,,27.4,3.43,3.01,0.42,6.43,87.88%,7.32,,,,,,,,27,58,48,61,,88,61,72,,71,,0,0,1,7,1,1
60,Spencer Ware,RB,KC,9,,,,,,,0.8,7.2,,0.4,23.1,20.5,10.5,5.2,,1.5,13.6,82.8,9.2,7.95,1.25,17.15,86.44%,19.84,,,,,,,,76,34,,72,4,5,26,55,,83,18,2,1,2,4,1,5
173,George Winn,RB,DET,2,,,,,,,0,,,,,0.1,,,,,,0.1,0.05,0.05,0,0.1,100.00%,0.1,,,,,,,,83,,,,,91,,,,,,0,0,0,2,1,0
126,Kendall Gaskins,RB,SF,4,,,,,,,,4.3,2,,,,,,11.2,1.2,,18.7,4.68,3.94,0.74,8.61,84.18%,10.23,,,,,,,,,47,50,,,,,,25,89,,0,0,1,3,1,1
162,Rod Smith,RB,DAL,3,,,,,0.5,,,0,,,,1.6,,,,,,2.1,0.7,0.67,0.03,1.37,95.48%,1.43,,,,,,76,,,73,,,,78,,,,,,0,0,0,3,1,0
75,Shaun Draughn,RB,SF,9,0.4,,1.2,1.5,,,,,13.6,,15.7,13.6,19.6,7.1,5.2,,,77.9,8.66,6.73,1.93,15.39,77.75%,19.79,,90,,85,67,,,,,16,,15,15,9,42,55,,,1,3,0,5,1,4
89,Jay Ajayi,RB,MIA,9,,,,,,,,,4.1,4.8,5.6,9.8,1.2,1.5,11.2,2.3,0.2,40.7,4.52,3.62,0.91,8.14,79.95%,10.18,,,,,,,,,,42,42,38,30,86,86,25,76,96,0,0,2,7,1,2
90,Ka'Deem Carey,RB,CHI,7,,,,,,,,,2.8,3.6,3.2,,7.7,,3.8,14.7,1,36.8,5.26,4.28,0.97,9.54,81.47%,11.71,,,,,,,,,,46,48,53,,33,,68,25,90,0,0,2,5,1,2
158,Aaron Ripkowski,RB,GB,1,,,,,,,,,2.8,,,,,,,,,2.8,2.8,0,2.8,2.8,0.00%,#DIV/0!,,,,,,,,,,46,,,,,,,,,0,0,0,1,1,0
80,Donald Brown,RB,SD,6,,,,,,,,,1.3,,,0.2,6.7,,12.4,14,11.1,45.7,7.62,5.35,2.27,12.96,70.19%,18.46,,,,,,,,,,54,,,88,36,,21,28,28,0,1,3,2,1,4
114,Pierre Thomas,RB,SF,4,,,,,,,,,1.2,,,,,2.2,,15.9,4.5,23.8,5.95,5.87,0.08,11.82,98.62%,11.99,,,,,,,,,,56,,,,,76,,18,61,0,1,0,3,1,1
170,Antone Smith,RB,CHI,1,,,,,,,,,1.1,,,,,,,,,1.1,1.1,0,1.1,1.1,0.00%,#DIV/0!,,,,,,,,,,58,,,,,,,,,0,0,0,1,1,0
175,Marcus Murphy,RB,NO,2,,,,,,,,,-2,,,,,0,,,,-2,-1,1,-2,0,-100.00%,0,,,,,,,,,,71,,,,,99,,,,0,0,0,2,1,0
138,Will Tukuafu,RB,SEA,4,,,,,,,,,,6.2,,,0.4,,,-2.5,7.7,11.8,2.95,4.16,-1.21,7.11,141.13%,5.04,,,,,,,,,,,34,,,96,,,103,46,0,0,1,3,1,1
56,Tim Hightower,RB,NO,6,,,,,,,,,,4.6,,,0.2,16.5,11.5,31.9,21.7,86.4,14.4,10.57,3.83,24.97,73.39%,34.02,,,,,,,,,,,43,,,98,9,23,1,4,3,1,0,2,1,4
154,Roosevelt Nix,RB,PIT,3,,,,,,,,,,2,,1.6,0,,,,,3.6,1.2,0.86,0.34,2.06,72.01%,2.86,,,,,,,,,,,55,,78,99,,,,,0,0,0,3,1,0
135,Stevan Ridley,RB,NYJ,8,,,,,,,,,,-0.1,0.5,0.1,0.4,2.3,1.1,3.6,4.9,12.8,1.6,1.71,-0.11,3.31,106.94%,3.1,,,,,,,,,,,81,68,91,96,75,87,70,59,0,0,0,8,1,0
104,Robert Turbin,RB,DAL,9,,,,,,,5.8,0.3,,,4.8,2.2,4.4,11.1,0.1,2.3,1.5,32.5,3.61,3.24,0.37,6.85,89.67%,7.64,,,,,,,,45,68,,,43,71,59,23,98,76,85,0,1,0,8,1,1
120,Kenjon Barner,RB,PHI,5,,,,,,,,,,,3.7,4.1,4.6,,,0.3,8.9,21.6,4.32,2.74,1.58,7.06,63.52%,11.11,,,,,,,,,,,,50,52,55,,,93,37,0,0,0,5,1,0
125,Akeem Hunt,RB,HOU,7,,,,,,,,,,,0.4,3.5,1.7,0.1,5.4,1.9,6.5,19.5,2.79,2.27,0.52,5.05,81.42%,6.2,,,,,,,,,,,,70,59,81,97,53,80,53,0,0,0,7,1,0
123,David Cobb,RB,TEN,7,,,,,,,,,,,-0.3,0.8,4,0.1,0.9,2.6,13.3,21.4,3.06,4.4,-1.35,7.46,144.06%,5.18,,,,,,,,,,,,75,82,65,97,91,74,20,0,1,0,6,1,1
112,Terrance West,RB,BAL,8,2.1,-1,,,,,,,,,,3.7,4.6,1.6,6.6,4.2,3.2,25,3.13,2.13,1,5.25,68.01%,7.72,,74,99,,,,,,,,,,55,55,84,46,63,69,0,0,0,8,1,0
77,Mike Gillislee,RB,BUF,5,,,,,,,,,,,,,5.6,10,16.3,18.9,0.8,51.6,10.32,6.67,3.65,16.99,64.62%,26.29,,,,,,,,,,,,,,45,28,12,9,91,2,0,1,2,1,3
120,Dan Herron,RB,IND,8,,,,,2.8,3.7,2.2,,,,,,5.4,4.1,1.6,1.4,0.4,21.6,2.7,1.53,1.17,4.23,56.63%,7.47,,,,,,58,52,67,,,,,,47,62,81,86,93,0,0,0,8,1,0
81,Travaris Cadet,RB,SF,6,,1.2,,,,,,,,,,,2.2,5.4,7.6,16.5,12.3,45.2,7.53,5.42,2.11,12.95,71.94%,18,,,78,,,,,,,,,,,74,50,38,14,23,0,2,0,4,1,2
162,John Crockett,RB,GB,2,,,,,,,,,,,,,2.2,,,-0.1,,2.1,1.05,1.15,-0.1,2.2,109.52%,2.01,,,,,,,,,,,,,,74,,,100,,0,0,0,2,1,0
152,Fitzgerald Toussaint,RB,PIT,3,,,,,,,,,,,,,1.2,,,0.6,2.4,4.2,1.4,0.75,0.65,2.15,53.45%,4.02,,,,,,,,,,,,,,86,,,91,74,0,0,0,3,1,0
92,DuJuan Harris,RB,SEA,4,,,,,,,,,,,,,0.7,2.2,,9.4,23.3,35.6,8.9,8.94,-0.04,17.84,100.46%,17.76,,,,,,,,,,,,,,93,76,,42,2,1,0,0,3,1,1
114,Pierre Thomas,RB,WAS,4,,,,,,,,,1.2,,,,,2.2,,15.9,4.5,23.8,5.95,5.87,0.08,11.82,98.62%,11.99,,,,,,,,,,56,,,,,76,,18,61,0,1,0,3,1,1
177,Glenn Winston,RB,CLE,1,,,,,,,,,,,,,,-2.8,,,,-2.8,-2.8,0,-2.8,-2.8,0.00%,#DIV/0!,,,,,,,,,,,,,,,101,,,,0,0,0,1,1,0
106,Christine Michael,RB,SEA,8,,,,-0.1,0.6,,3,2,,0.8,,,,,8.4,4,10.2,28.9,3.61,3.54,0.07,7.15,97.97%,7.3,,,,,87,73,,59,59,,67,,,,,33,65,31,0,0,2,6,1,2
149,Joey Iosefa,RB,NE,2,,,,,,,,,,,,,,,5.1,0,,5.1,2.55,2.55,0,5.1,100.00%,5.1,,,,,,,,,,,,,,,,58,97,,0,0,0,2,1,0
134,Bryce Brown,RB,SEA,3,,,,,,,,,,,,,,,4.3,0.9,8,13.2,4.4,2.9,1.5,7.3,65.90%,11.08,,,,,,,,,,,,,,,,66,90,42,0,0,0,3,1,0
166,Terrence Magee,RB,BAL,1,,,,,,,,,,,,,,,1.7,,,1.7,1.7,0,1.7,1.7,0.00%,#DIV/0!,,,,,,,,,,,,,,,,80,,,0,0,0,1,1,0
172,Kendall Hunter,RB,NO,1,,,,,,,,,,,,,,,0.2,,,0.2,0.2,0,0.2,0.2,0.00%,#DIV/0!,,,,,,,,,,,,,,,,96,,,0,0,0,1,1,0
81,Travaris Cadet,RB,NO,6,,1.2,,,,,,,,,,,2.2,5.4,7.6,16.5,12.3,45.2,7.53,5.42,2.11,12.95,71.94%,18,,,78,,,,,,,,,,,74,50,38,14,23,0,2,0,4,1,2
92,DuJuan Harris,RB,SF,4,,,,,,,,,,,,,0.7,2.2,,9.4,23.3,35.6,8.9,8.94,-0.04,17.84,100.46%,17.76,,,,,,,,,,,,,,93,76,,42,2,1,0,0,3,1,1
101,Jonas Gray,RB,JAC,6,,,4.9,0,,4.6,6.8,,,,,,,,,3.1,3.7,23.1,3.85,2.07,1.78,5.92,53.83%,11,,,,54,81,,43,38,,,,,,,,,72,66,0,0,0,6,1,0
133,Steven Jackson,RB,NE,2,,,,,,,,,,,,,,,,1.5,12.5,14,7,5.5,1.5,12.5,78.57%,15.91,,,,,,,,,,,,,,,,,83,22,0,1,0,1,1,1
159,Malcolm Brown,RB,STL,1,,,,,,,,,,,,,,,,,2.5,2.5,2.5,0,2.5,2.5,0.00%,#DIV/0!,,,,,,,,,,,,,,,,,,73,0,0,0,1,1,0
169,Trey Williams,RB,IND,1,,,,,,,,,,,,,,,,,1.2,1.2,1.2,0,1.2,1.2,0.00%,#DIV/0!,,,,,,,,,,,,,,,,,,88,0,0,0,1,1,0
175,Raheem Mostert,RB,CLE,1,,,,,,,,,,,,,,,,,-2,-2,-2,0,-2,-2,0.00%,#DIV/0!,,,,,,,,,,,,,,,,,,100,0,0,0,1,1,0
1,Rob Gronkowski,TE,NE,15,32.4,24.3,14.1,,10.7,14,27.8,23.3,8.7,22.3,5.7,20.8,,18.7,16.4,12.6,3.8,255.6,17.04,7.92,9.12,24.96,46.45%,53.74,,1,2,6,,10,9,2,3,19,2,22,3,,4,6,9,33,12,2,1,0,0,14
7,Tyler Eifert,TE,CIN,13,31.4,14.9,0,9.9,29,13,,7.9,28.3,5.6,17.2,13,,6.2,,,15.1,191.5,14.73,9.29,5.44,24.02,63.04%,38.1,,2,5,49,7,2,12,,19,2,30,3,13,,27,,,8,8,2,2,1,0,10
9,Travis Kelce,TE,KC,16,28.6,9.8,14,7.9,6.5,13.8,12.3,16.9,,8.6,9.6,16.9,4.2,4.8,13.3,16.3,2,185.5,11.59,6.28,5.32,17.87,54.14%,33.01,,3,16,7,16,19,10,9,8,,20,15,7,31,33,10,4,44,8,5,2,1,0,13
33,Austin Seferian-Jenkins,TE,TB,7,28,4.9,,,,,,,,,,,6.1,6.1,11.9,14,7.8,78.8,11.26,7.5,3.76,18.76,66.63%,28.16,,4,30,,,,,,,,,,,19,28,12,6,25,3,1,3,0,0,4
11,Jason Witten,TE,DAL,16,26,12.6,12.5,9.7,6.3,,13.3,3.6,10.3,9.2,4.7,7.6,9.5,9,9.9,2.2,17.8,164.2,10.26,5.54,4.72,15.8,53.98%,29.27,,5,10,11,9,20,,7,28,13,19,25,27,12,17,18,40,6,7,5,3,1,0,12
2,Jordan Reed,TE,WAS,14,19.3,14.2,15.6,6.7,,,30.2,,10.8,17.9,8.6,17.8,6.3,27,27.4,33.9,8.5,244.2,17.44,8.8,8.64,26.24,50.44%,52.02,,6,6,5,20,,,1,,12,4,17,5,18,1,1,1,21,10,4,0,0,0,14
26,Ladarius Green,TE,SD,13,18.4,9.7,,15.3,10,12.5,14.5,2,,,1.9,2.9,4.1,4.6,3.3,4.7,,103.9,7.99,5.48,2.52,13.47,68.51%,19.66,,7,18,,6,14,13,5,39,,,41,45,32,34,34,23,,3,4,3,3,0,7
36,Darren Fells,TE,ARI,11,18.2,,2.3,2.7,10.5,1.9,,,,5.1,8.8,,3.2,7.3,8.4,,1.7,70.1,6.37,4.78,1.59,11.15,75.01%,14.86,,8,,40,35,12,44,,,,32,16,,36,22,19,,49,2,3,3,3,0,5
21,Jimmy Graham,TE,SEA,11,17.1,2.1,21.3,6.9,6,22,5.1,14.5,,7.1,6.9,11.5,,,,,,120.5,10.95,6.5,4.46,17.45,59.33%,29.41,,9,42,3,19,22,3,25,10,,24,21,17,,,,,,4,5,1,1,0,9
23,Martellus Bennett,TE,CHI,11,16.5,8.8,5.5,25.3,7.2,11.9,,6.2,19.7,4.8,4.6,,4.4,,,,,114.9,10.45,6.76,3.68,17.21,64.76%,26.58,,10,23,22,1,18,15,,23,4,35,26,,29,,,,,3,5,3,0,0,8
16,Heath Miller,TE,PIT,15,16.4,9.5,3.7,1.1,7.6,1.5,0,20.5,6.2,8,,9.5,,16.8,4.2,9.9,10.8,125.7,8.38,5.82,2.56,14.2,69.46%,20.44,,11,20,31,49,16,47,51,4,22,22,,21,,5,29,11,16,4,6,2,3,0,10
17,Eric Ebron,TE,DET,13,15.3,15.3,10.1,4.2,,,19.9,,,6.8,0,4.8,8.9,5.7,11.9,8.9,13.5,125.3,9.64,5.26,4.37,14.9,54.61%,27.28,,12,4,12,25,,,3,,,26,50,33,15,29,12,12,10,7,1,4,1,0,8
29,Jared Cook,TE,STL,16,13.5,9.7,1.7,5.2,1.8,,1.9,7.7,2,5.5,7.1,9.8,5.2,2.1,10.4,1.5,0,85.1,5.32,3.89,1.43,9.21,73.17%,12.59,,13,18,46,23,34,,40,20,39,31,20,18,25,43,17,50,57,0,7,3,6,0,7
3,Delanie Walker,TE,TEN,15,13.3,,13.8,,7.6,17.7,12.5,12.2,28.5,8.2,18.9,15.1,23.2,14.1,20.4,14.9,22,242.4,16.16,5.48,10.68,21.64,33.90%,63.83,,14,,8,,16,7,8,12,1,21,2,11,2,10,3,5,2,12,3,0,0,0,15
43,Lance Kendricks,TE,STL,14,12.2,2.5,3.2,0,3.6,,,2.7,4.5,1.4,12.3,4.7,,0,5.7,0,8.7,61.5,4.39,3.96,0.44,8.35,90.07%,9.27,,15,39,37,50,30,,,36,27,52,12,35,,57,22,54,18,1,3,4,6,0,4
28,Jordan Cameron,TE,MIA,16,11.3,9.2,4.6,3.9,,12,4.3,5.4,1.6,1.5,10.1,3.3,1.4,6.5,1.5,6.4,8.6,91.6,5.73,3.49,2.23,9.22,60.98%,15.12,,16,21,27,27,,14,27,25,42,51,14,40,57,26,49,19,19,0,6,5,5,0,6
60,Dwayne Allen,TE,IND,12,10.7,,,,3.1,5.3,2,1.4,0,,1.7,3.9,1.6,1.7,1.6,0,,33,2.75,2.79,-0.04,5.54,101.51%,5.46,,17,,,,31,29,39,49,49,,45,38,54,49,48,54,,0,1,2,9,0,1
15,Kyle Rudolph,TE,MIN,16,10.3,14,3.4,2.7,,8.9,9,4.2,5,1.7,22.6,12.3,4.3,12.7,4.1,13.3,0,128.5,8.03,5.76,2.27,13.79,71.68%,19.24,,18,7,35,35,,18,17,26,26,47,1,14,30,15,30,8,57,3,5,6,2,0,8
80,Gavin Escobar,TE,DAL,7,8.8,1.6,,0,0,,,,,3.2,4,0.8,,,,,,18.4,2.63,2.89,-0.26,5.52,109.99%,5.02,,19,45,,50,47,,,,,38,29,64,,,,,,0,1,1,5,0,1
18,Charles Clay,TE,BUF,13,8.3,10.9,19.2,20.1,1.7,15.2,5.6,,1.6,10.2,2.4,8.1,16.6,1.9,,,,121.8,9.37,6.45,2.91,15.82,68.89%,22.96,,20,15,4,3,36,8,21,,42,16,40,26,4,46,,,,4,4,2,3,0,8
34,Vernon Davis,TE,SF,11,7.7,11.2,,,,0,10.1,8.4,0,,12.8,3,4.5,14.4,1.5,,,73.6,6.69,4.93,1.76,11.62,73.71%,15.76,,21,13,,,,49,14,17,49,,10,43,26,8,49,,,2,4,1,4,0,6
10,Zach Ertz,TE,PHI,15,7.6,4.7,5,3.1,11,8.3,11.3,,9.4,13.8,3.2,,8.9,14.8,21.8,23.2,24.2,170.3,11.35,6.76,4.6,18.11,59.52%,30.43,,23,32,24,34,9,19,11,,17,11,35,,15,7,2,2,1,7,5,3,0,0,12
35,Scott Chandler,TE,NE,12,7.1,5.3,4.5,,,5.9,5.4,1.9,1.5,7.1,1.3,16.8,16.1,,,,0,72.9,6.08,5.16,0.92,11.23,84.91%,13.23,,24,29,28,,,25,23,40,47,24,49,8,5,,,,57,2,3,3,4,0,5
45,Garrett Celek,TE,SF,10,7,3,5.9,5.6,11.6,0,1.8,0,15.2,,5.5,,,,,,,55.6,5.56,4.63,0.93,10.19,83.23%,12.24,,25,36,20,22,8,49,41,53,7,,23,,,,,,,2,3,2,3,0,5
5,Gary Barnidge,TE,CLE,16,6.8,2.7,22.5,19.5,27.9,18.9,16.1,18.3,5.5,18.5,,16.1,10.9,19.4,11.9,7.7,14.6,237.3,14.83,6.57,8.26,21.4,44.32%,48.29,,26,38,2,4,3,5,4,6,24,3,,10,9,3,12,17,9,12,2,1,1,0,14
12,Richard Rodgers,TE,GB,16,6.8,11.3,3.5,15.5,10.5,5.4,,3.6,18.9,14.2,3.7,7,28.6,7.3,1.7,1.2,18.9,158.1,9.88,7.38,2.5,17.26,74.66%,23.12,,26,12,34,5,12,27,,28,5,8,31,28,1,22,45,53,4,7,1,6,2,0,8
90,Daniel Fells,TE,NYG,2,6.3,,5.7,,,,,,,,,,,,,,,12,6,0.3,5.7,6.3,5.00%,126,,28,,21,,,,,,,,,,,,,,,0,1,1,0,0,1
42,Larry Donnell,TE,NYG,8,5.1,12.8,6.2,8.8,15.5,5.9,5.8,3.2,,,,,,,,,,63.3,7.91,3.93,3.98,11.85,49.72%,23.83,,29,9,17,14,5,25,20,33,,,,,,,,,,2,3,3,0,0,5
14,Jacob Tamme,TE,ATL,15,4.9,11.7,1.8,,17.4,6.2,6.6,26.3,12.1,,2.6,11.9,5.6,6.6,0,6.9,10.1,130.7,8.71,6.43,2.28,15.15,73.85%,20.51,,30,11,44,,4,23,19,2,10,,38,16,23,25,55,18,17,4,6,2,3,0,10
8,Ben Watson,TE,NO,16,4.9,3.2,6.2,6,12.6,28.7,9.9,29.7,11,4.9,,9.3,13.8,14,16.9,1.5,17.9,190.5,11.91,8.02,3.89,19.93,67.37%,29.58,,30,35,17,21,7,1,15,1,11,34,,22,6,11,5,50,5,8,4,3,1,0,12
27,Crockett Gillmore,TE,BAL,10,4.3,25.8,7,,,6,10.3,8.8,,14.2,15.1,5,1.7,,,,,98.2,9.82,6.68,3.14,16.5,68.00%,24.26,,32,1,16,,,24,12,16,,8,5,31,50,,,,,4,3,2,1,0,7
99,Malcolm Johnson,TE,CLE,4,3.4,,,,,1,,,,,,1.1,0,,,,,5.5,1.38,1.25,0.13,2.62,90.60%,2.89,,33,,,,,48,,,,,,61,63,,,,,0,0,1,3,0,0
52,Derek Carrier,TE,WAS,10,2.8,,,3.8,10.7,7.9,3.5,,0,2.4,2.7,1.6,,1.7,,,,37.1,3.71,3.04,0.67,6.75,81.88%,8.24,,34,,,28,10,20,29,,49,42,37,54,,49,,,,1,1,3,5,0,2
39,Anthony Fasano,TE,TEN,14,2.8,19.4,3.6,,0,2.1,5.1,1.9,12.3,2.9,3.4,4.2,,0,5.1,4.1,,66.9,4.78,4.95,-0.17,9.73,103.62%,9.39,,34,3,32,,47,41,25,40,9,39,34,36,,57,23,24,,2,2,5,5,0,4
44,Ryan Griffin,TE,HOU,9,2.8,,,,,,,,,6.6,2.6,17.2,11.9,3,5,2.3,5.7,57.1,6.34,4.77,1.57,11.12,75.25%,14.78,,34,,,,,,,,,27,38,6,7,39,25,38,30,2,0,4,3,0,2
22,Owen Daniels,TE,DEN,16,2.5,4.9,13.8,8.9,0,4.4,,7.4,22.2,2.4,10.9,9.8,3.3,7.3,3.4,12,2.5,115.7,7.23,5.46,1.77,12.69,75.49%,16.81,,37,30,8,13,47,31,,21,3,42,13,18,34,22,33,10,41,3,5,4,4,0,8
51,CJ Fiedorowicz,TE,HOU,13,2.5,2.9,,9.8,1.4,1.8,0,3.5,,5,,4,1.8,,0,1.6,3.4,37.7,2.9,2.44,0.46,5.34,84.02%,6.36,,37,37,,8,41,45,51,30,,33,,37,47,,55,49,37,1,0,2,10,0,1
41,Maxx Williams,TE,BAL,12,2.5,1.8,7.4,3.7,1,6.4,,,,14,5,,,0,8.1,3.6,11.3,64.8,5.4,4.05,1.35,9.45,75.08%,12.59,,37,44,15,29,44,22,,,,10,24,,,57,21,28,15,1,5,2,4,0,6
89,Jim Dray,TE,CLE,8,2.3,,,,1.7,,3,0,2.3,,,0,,,0,2.8,,12.1,1.51,1.23,0.29,2.74,81.00%,3.38,,40,,,,36,,33,53,37,,,65,,,55,34,,0,0,3,5,0,0
6,Greg Olsen,TE,CAR,16,2.1,13,33.4,4.8,,26.1,9.5,19.9,16.6,16,14.4,12,19.9,8.2,19.9,8,3.6,227.4,14.21,8.17,6.05,22.38,57.45%,38.96,,41,8,1,24,,2,16,5,6,7,7,15,3,18,4,16,36,9,5,1,1,0,14
48,Ed Dickson,TE,CAR,12,1.9,,3.9,2.1,,5.4,,,1.6,11.1,0,0,5.7,7.4,,0,2,41.1,3.43,3.27,0.15,6.7,95.60%,7.01,,42,,29,39,,27,,,42,12,50,65,22,21,,54,44,1,2,2,7,0,3
30,Brent Celek,TE,PHI,12,1.6,,,8,13.4,,3.1,,,17.4,14.9,9,2.6,1.1,5.1,2.8,5.8,84.8,7.07,5.3,1.76,12.37,75.07%,16.48,,43,,,15,6,,31,,,5,6,23,43,56,23,34,28,3,3,3,3,0,6
20,Coby Fleener,TE,IND,16,1.5,0,9.1,23.3,2.9,5,7.7,17.3,6.2,,7.5,5.7,6,1.6,2.2,3.3,21.8,121.1,7.57,6.89,0.68,14.46,91.06%,15.88,,44,53,13,2,32,30,18,7,22,,19,30,20,52,38,29,3,3,5,4,4,0,8
31,Vance McDonald,TE,SF,13,1.5,,,1.7,2.9,2,1.1,2.3,3.9,,16.5,19.1,3.8,,2,17.1,6.7,80.6,6.2,6.4,-0.2,12.6,103.21%,12.21,,44,,,43,32,43,49,38,30,,4,4,33,,39,3,27,3,0,4,6,0,3
46,Jermaine Gresham,TE,ARI,13,1.4,1.5,5.4,1.8,0,0,10.2,3.9,,10.6,,1.9,2.3,,,1.7,5.6,46.3,3.56,3.36,0.2,6.92,94.25%,7.34,,46,47,23,40,47,49,13,27,,13,,51,44,,,46,31,0,3,2,8,0,3
40,Mychal Rivera,TE,OAK,13,1.4,4.5,,3.2,6.3,,3.1,,3.6,10.6,3.1,4.8,3.3,13.9,5,,3.2,66,5.08,3.33,1.75,8.4,65.55%,12.81,,46,33,,33,20,,31,,33,13,36,33,34,13,25,,38,0,3,8,2,0,3
91,Levine Toilolo,TE,ATL,9,1.4,,1.6,0,,3.8,,1.7,1.1,,,,,0,0,,1.8,11.4,1.27,1.15,0.12,2.41,90.63%,2.66,,46,,47,50,,34,,43,48,,,,,57,55,,47,0,0,1,8,0,0
62,Rhett Ellison,TE,MIN,10,1.3,,,,,2.1,,,3.1,9.8,3.9,3.3,0,5.1,,0,0.8,29.4,2.94,2.79,0.15,5.73,95.03%,6.03,,49,,,,,41,,,34,17,30,40,63,31,,54,56,0,1,3,6,0,1
32,Clive Walford,TE,OAK,15,1.1,1.4,,0,4.3,,12.2,3.3,7.1,9.8,4.5,2.4,10.3,7.7,3,3.2,8.6,78.9,5.26,3.63,1.63,8.89,68.97%,12.89,,50,48,,50,26,,10,32,20,17,28,47,10,20,35,30,19,2,4,5,4,0,6
87,Jeff Cumberland,TE,NYJ,8,0,0,3,0,,,2.6,1.7,5.4,,,,,0,,,,12.7,1.59,1.86,-0.27,3.45,117.11%,2.95,,51,53,39,50,,,34,43,25,,,,,57,,,,0,0,2,6,0,0
55,Clay Harbor,TE,JAC,8,0,,13.3,7.1,,,,,,,3.7,2.2,,4.1,,1.7,2.8,34.9,4.36,3.89,0.47,8.25,89.19%,9.25,,51,,10,17,,,,,,,31,48,,35,,46,40,1,1,2,4,0,2
108,Nic Jacobs,TE,JAC,3,0,,,,,,0,,1.6,,,,,,,,,1.6,0.53,0.75,-0.22,1.29,141.42%,0.91,,51,,,,,,51,,42,,,,,,,,,0,0,0,3,0,0
71,Jake Stoneburner,TE,MIA,3,,9.8,2.3,9.6,,,,,,,,,,,,,,21.7,7.23,3.49,3.74,10.72,48.24%,22.22,,,16,40,10,,,,,,,,,,,,,,1,1,0,1,0,2
54,Virgil Green,TE,DEN,10,,9.2,3.6,,,,,9.1,2.3,1.8,1.9,,3.2,0,,1.8,2.4,35.3,3.53,2.95,0.58,6.48,83.64%,7.75,,,21,32,,,,,15,37,45,41,,36,57,,43,42,0,2,2,6,0,2
72,Chase Coffman,TE,TEN,2,,8.2,,,,,,,,,,,,,,,12.9,21.1,10.55,2.35,8.2,12.9,22.27%,57.93,,,24,,,,,,,,,,,,,,,11,1,1,0,0,0,2
86,Garrett Graham,TE,HOU,6,,7.7,1.9,1.6,1.8,,0,0,,,,,,,,,,13,2.17,2.6,-0.43,4.77,119.96%,3.98,,,26,43,46,34,,51,53,,,,,,,,,,0,0,2,4,0,0
84,James O'Shaughnessy,TE,KC,4,,7.4,,1.8,,4.3,1.2,,,,,,,,,,,14.7,3.68,2.44,1.23,6.12,66.52%,9.2,,,27,,40,,32,48,,,,,,,,,,,0,0,2,2,0,0
47,Luke Willson,TE,SEA,12,,5.6,,3.5,3.7,2.6,,12.1,,0,3.5,2.2,5.6,1.8,3.7,0,,44.3,3.69,3.06,0.63,6.75,82.87%,8.15,,,28,,31,29,38,,13,,55,33,48,23,48,31,54,,0,2,5,5,0,2
24,Zach Miller,TE,CHI,11,,3.4,3.1,,0,,,,10.3,27.7,7.7,9,1.6,19.5,11.7,13.9,,107.9,9.81,7.92,1.89,17.73,80.70%,21.97,,,34,38,,47,,,,13,1,18,23,54,2,15,7,,3,4,1,3,0,7
98,Michael Williams,TE,NE,5,,2.5,,,,,1.4,,,0,,,,,1.7,0,,5.6,1.12,0.98,0.14,2.1,87.74%,2.39,,,39,,,,,45,,,55,,,,,45,54,,0,0,0,5,0,0
53,Craig Stevens,TE,TEN,10,,2.3,4.9,,1.1,,,1.9,4.5,,0,9,9.1,,1.5,1.8,,36.1,3.61,3.06,0.55,6.67,84.63%,7.88,,,41,25,,42,,,40,27,,50,23,14,,49,43,,0,2,2,6,0,2
58,Blake Bell,TE,SF,9,,2.1,1,,1.6,,,,,,,9.7,1.5,7.9,8.3,0,1.5,33.6,3.73,3.53,0.2,7.27,94.67%,7.68,,,42,48,,38,,,,,,,20,56,19,20,54,50,0,3,0,6,0,3
68,Lee Smith,TE,OAK,10,,1.6,1.8,3.4,,,2.1,1.6,2,1.1,,1.2,7.5,,,2.7,,25,2.5,1.79,0.71,4.29,71.58%,5.99,,,45,44,32,,,37,45,39,54,,58,17,,,36,,0,1,2,7,0,1
85,Jerome Cunningham,TE,NYG,6,,1.3,,,,,,,3,2.6,,1.2,,,1.7,4.1,,13.9,2.32,1.03,1.28,3.35,44.54%,7.52,,,49,,,,,,,35,41,,58,,,45,24,,0,1,1,4,0,1
49,Josh Hill,TE,NO,13,,1.2,2,9.1,0,6.8,0,1.5,10.1,,,0,3.1,1.6,,3.2,1.4,40,3.08,3.28,-0.21,6.36,106.67%,5.96,,,50,42,11,47,21,51,48,15,,,65,39,52,,30,52,1,2,1,9,0,3
112,Matthew Mulligan,TE,BUF,1,,1.2,,,,,,,,,,,,,,,,1.2,1.2,0,1.2,1.2,0.00%,#DIV/0!,,,50,,,,,,,,,,,,,,,,0,0,0,1,0,0
115,Geoff Swaim,TE,DAL,1,,1,,,,,,,,,,,,,,,,1,1,0,1,1,0.00%,#DIV/0!,,,52,,,,,,,,,,,,,,,,0,0,0,1,0,0
50,Marcedes Lewis,TE,JAC,15,,0,0,9,0,1.8,3.3,,3.7,1.9,0,3.4,1.7,2.4,3.6,2.3,5.5,38.6,2.57,2.34,0.24,4.91,90.75%,5.41,,,53,49,12,47,45,30,,32,44,50,39,50,41,32,38,32,1,0,4,10,0,1
70,John Phillips,TE,SD,6,,,7.5,7.1,,,1.5,3.1,,,,,1.8,,,1.9,,22.9,3.82,2.52,1.3,6.33,65.91%,9.6,,,,14,17,,,44,35,,,,,47,,,42,,0,2,1,3,0,2
67,Jack Doyle,TE,IND,7,,,6.2,,1,2.7,,,9.8,,,1.5,,,,2.7,1.3,25.2,3.6,3.01,0.59,6.61,83.52%,7.91,,,,17,,44,37,,,16,,,56,,,,36,54,0,2,1,4,0,2
69,Brandon Myers,TE,TB,6,,,4.8,1.8,5.4,,0,6.2,,6.5,,,,,,,,24.7,4.12,2.4,1.72,6.51,58.21%,11.18,,,,26,40,25,,51,23,,28,,,,,,,,0,1,3,2,0,1
59,Nick Boyle,TE,BAL,8,,,3.9,4.2,5.7,,4,2.5,,6.5,,2,4.5,,,,,33.3,4.16,1.39,2.77,5.55,33.42%,16.61,,,,29,25,24,,28,37,,28,,50,26,,,,,0,1,5,2,0,1
97,Andrew Quarless,TE,GB,3,,,3.4,,,,,,,,,,,,,3.7,0,7.1,2.37,1.68,0.69,4.04,70.90%,5.7,,,,35,,,,,,,,,,,,,27,57,0,0,2,1,0,0
63,Tim Wright,TE,DET,6,,,,3.6,4.2,10.7,2.3,,,,,,,,0,,7.9,28.7,4.78,3.55,1.24,8.33,74.16%,11.23,,,,,30,27,16,35,,,,,,,,55,,24,0,2,3,1,0,2
103,Darren Waller,TE,BAL,2,,,,2.7,1.1,,,,,,,,,,,,,3.8,1.9,0.8,1.1,2.7,42.11%,6.41,,,,,35,42,,,,,,,,,,,,,0,0,1,1,0,0
65,Chris Gragg,TE,BUF,7,,,,2.5,,10.4,5.5,,,,0,,,2.1,2.6,3.9,,27,3.86,3.09,0.77,6.95,80.15%,8.67,,,,,38,,17,22,,,,50,,,43,37,26,,0,2,1,4,0,2
37,Cameron Brate,TE,TB,12,,,,1.7,,,1.6,12.8,2.7,1.6,13.7,16.3,3.2,3.6,5,5.6,2,69.8,5.82,5.08,0.73,10.9,87.39%,12.47,,,,,43,,,42,11,36,49,9,9,36,38,25,21,44,3,1,3,5,0,4
82,James Hanna,TE,DAL,8,,,,1.7,,,1.6,1,0,,,,2.1,,2.7,2,5.8,16.9,2.11,1.58,0.53,3.7,75.01%,4.93,,,,,43,,,42,51,49,,,,46,,36,41,28,0,0,2,6,0,0
94,Cory Harkey,TE,STL,5,,,,1.4,,,1.4,,,,,1.2,1.4,,,,2.2,7.6,1.52,0.35,1.17,1.87,22.94%,8.15,,,,,47,,,45,,,,,58,57,,,,43,0,0,0,5,0,0
112,MarQueis Gray,TE,BUF,1,,,,1.2,,,,,,,,,,,,,,1.2,1.2,0,1.2,1.2,0.00%,#DIV/0!,,,,,48,,,,,,,,,,,,,,0,0,0,1,0,0
79,MyCole Pruitt,TE,MIN,9,,,,0,,,2.3,3.5,1.6,2.7,1.8,,1.4,5.6,,,0,18.9,2.1,1.64,0.46,3.74,78.18%,4.78,,,,,50,,,35,30,42,40,43,,57,30,,,57,0,0,3,6,0,0
25,Will Tye,TE,NYG,13,,,,0,8.8,4.2,0,0.7,3.9,10.6,,13.4,10,14,15.3,5.8,17.7,104.4,8.03,5.83,2.2,13.86,72.55%,19.1,,,,,50,15,33,51,52,30,13,,12,11,11,7,20,7,5,3,2,3,0,8
13,Antonio Gates,TE,SD,11,,,,,30.2,18.5,,9.6,12.9,,1.6,21.3,11,13.6,14.8,3.1,12.4,149,13.55,7.62,5.92,21.17,56.28%,37.62,,,,,,1,6,,14,8,,47,2,8,14,8,33,14,6,3,1,1,0,9
76,Brandon Pettigrew,TE,DET,5,,,,,5.9,,,,,7.2,1.8,3.1,,1.7,,,,19.7,3.94,2.23,1.71,6.17,56.49%,10.92,,,,,,23,,,,,23,43,42,,49,,,,0,2,0,3,0,2
19,Julius Thomas,TE,JAC,12,,,,,4,20.8,1.4,,4.4,4.3,13.8,26.6,9.5,16.4,13.9,3.2,3.2,121.5,10.13,7.8,2.33,17.92,76.99%,23.28,,,,,,28,4,45,,29,36,8,1,12,6,9,30,38,6,0,4,2,0,6
95,Robert Housler,TE,CLE,3,,,,,1.6,,,,,,,,,,1.9,,3.8,7.3,2.43,0.97,1.46,3.41,40.03%,8.52,,,,,,38,,,,,,,,,,40,,33,0,0,1,2,0,0
57,Michael Hoomanawanui,TE,NO,10,,,,,0.4,0,14.1,0,7.1,,,0,2.9,,0,8.7,1.4,34.6,3.46,4.64,-1.18,8.1,134.24%,6.03,,,,,,46,49,6,53,20,,,65,40,,55,13,52,1,2,0,7,0,3
106,Khari Lee,TE,CHI,3,,,,,0,,,,,,,1.7,,0,,,,1.7,0.57,0.8,-0.23,1.37,141.42%,0.97,,,,,,47,,,,,,,53,,57,,,,0,0,0,3,0,0
104,Matt Spaeth,TE,PIT,3,,,,,0,,,1.4,,,,1.6,,,,,,3,1,0.71,0.29,1.71,71.18%,2.4,,,,,,47,,,49,,,,54,,,,,,0,0,0,3,0,0
56,Dion Sims,TE,MIA,11,,,,,,13.3,0.7,1.6,1.9,1.8,,0.9,1.4,2.4,1.9,1.8,7,34.7,3.15,3.59,-0.43,6.74,113.78%,5.92,,,,,,,11,50,45,41,45,,63,57,41,40,43,26,1,0,1,9,0,1
75,Demetrius Harris,TE,KC,5,,,,,,3.5,,0,,,4.6,,,3.8,,,8.5,20.4,4.08,2.72,1.36,6.8,66.55%,10.22,,,,,,,35,,53,,,26,,,37,,,21,0,1,2,2,0,1
64,Justin Perillo,TE,GB,6,,,,,,3.1,,1.6,,16.8,,2.9,,1.3,1.5,,,27.2,4.53,5.53,-1,10.06,121.97%,8.25,,,,,,,36,,45,,6,,45,,55,49,,,1,0,1,4,0,1
81,Ryan Hewitt,TE,CIN,7,,,,,,2.6,,3.2,,1.7,,4.9,1.7,1.9,1.9,,,17.9,2.56,1.08,1.47,3.64,42.42%,8.58,,,,,,,38,,33,,47,,32,50,46,40,,,0,0,2,5,0,0
78,Troy Niklas,TE,ARI,3,,,,,,2.3,,15.2,,,,,,,,,1.8,19.3,6.43,6.2,0.23,12.64,96.41%,13.11,,,,,,,40,,9,,,,,,,,,47,1,0,0,2,0,1
92,Kellen Davis,TE,NYJ,10,,,,,,0,,7.1,0,0,0,0,1.8,,1.9,0,0,10.8,1.08,2.14,-1.06,3.22,197.71%,1.63,,,,,,,49,,22,49,55,50,65,47,,40,54,57,0,1,0,9,0,1
72,Luke Stocker,TE,TB,8,,,,,,,5.2,0,,0,,0,1.4,,11.5,1.7,1.3,21.1,2.64,3.71,-1.07,6.35,140.71%,4.51,,,,,,,,24,53,,55,,65,57,,16,46,54,0,2,0,6,0,2
83,Tony Moeaki,TE,ATL,3,,,,,,,2.1,,,,,,,,0,,12.7,14.8,4.93,5.56,-0.63,10.49,112.67%,9.31,,,,,,,,37,,,,,,,,55,,13,0,1,0,2,0,1
77,Jesse James,TE,PIT,5,,,,,,,,,9.3,1.2,,1.8,6,,,1.3,,19.6,3.92,3.23,0.69,7.15,82.29%,8.69,,,,,,,,,,18,53,,52,20,,,52,,0,2,0,3,0,2
34,Vernon Davis,TE,DEN,11,7.7,11.2,,,,0,,8.4,0,3.9,12.8,3,4.5,14.4,1.5,,,67.4,6.13,4.86,1.26,10.99,79.38%,13.84,,21,13,,,,49,,17,49,37,10,43,26,8,49,,,2,3,1,5,0,5
108,Brian Parker,TE,KC,2,,,,,,,,,,1.6,,,,,,0,,1.6,0.8,0.8,0,1.6,100.00%,1.6,,,,,,,,,,,49,,,,,,54,,0,0,0,2,0,0
66,Cooper Helfet,TE,SEA,6,,,,,,,,,,,1.7,,2.3,4,1.5,8.3,8.2,26,4.33,2.88,1.45,7.22,66.55%,10.85,,,,,,,,,,,,45,,44,36,49,15,23,0,2,1,3,0,2
102,Phillip Supernaw,TE,TEN,2,,,,,,,,,,,1.6,,,2.6,,,,4.2,2.1,0.5,1.6,2.6,23.81%,10.92,,,,,,,,,,,,47,,,40,,,,0,0,0,2,0,0
93,Trey Burton,TE,PHI,3,,,,,,,,,,,0,6.9,,,,,1.5,8.4,2.8,2.96,-0.16,5.76,105.83%,5.44,,,,,,,,,,,,50,29,,,,,50,0,0,1,2,0,0
61,Tyler Kroft,TE,CIN,6,,,,,,,,,,,0,1.4,2.7,5.1,12.1,8.6,,29.9,4.98,4.22,0.77,9.2,84.59%,10.88,,,,,,,,,,,,50,57,41,31,11,14,,1,1,1,3,0,2
114,Asante Cleveland,TE,NE,1,,,,,,,,,,,,1.1,,,,,,1.1,1.1,0,1.1,1.1,0.00%,#DIV/0!,,,,,,,,,,,,,61,,,,,,0,0,0,1,0,0
106,EJ Bibbs,TE,CLE,2,,,,,,,,,,,,0,1.7,,,,,1.7,0.85,0.85,0,1.7,100.00%,1.7,,,,,,,,,,,,,65,50,,,,,0,0,0,2,0,0
88,Daniel Brown,TE,BAL,4,,,,,,,,,,,,0,2.7,9.7,0,,,12.4,3.1,3.97,-0.87,7.07,127.96%,5.53,,,,,,,,,,,,,65,41,16,55,,,0,1,0,3,0,1
110,CJ Uzomah,TE,CIN,1,,,,,,,,,,,,,1.4,,,,,1.4,1.4,0,1.4,1.4,0.00%,#DIV/0!,,,,,,,,,,,,,,57,,,,,0,0,0,1,0,0
105,Scott Simonson,TE,CAR,1,,,,,,,,,,,,,,2,,,,2,2,0,2,2,0.00%,#DIV/0!,,,,,,,,,,,,,,,45,,,,0,0,0,1,0,0
110,Brian Leonhardt,TE,SF,1,,,,,,,,,,,,,,1.4,,,,1.4,1.4,0,1.4,1.4,0.00%,#DIV/0!,,,,,,,,,,,,,,,54,,,,0,0,0,1,0,0
101,Nick O'Leary,TE,BUF,3,,,,,,,,,,,,,,,4.7,0,0,4.7,1.57,2.22,-0.65,3.78,141.42%,2.67,,,,,,,,,,,,,,,,28,54,57,0,0,1,2,0,0
95,Robert Housler,TE,CHI,3,,,,,1.6,,,,,,,,,,1.9,,3.8,7.3,2.43,0.97,1.46,3.41,40.03%,8.52,,,,,,38,,,,,,,,,,40,,33,0,0,1,2,0,0
100,Matt LaCosse,TE,NYG,1,,,,,,,,,,,,,,,,5.2,,5.2,5.2,0,5.2,5.2,0.00%,#DIV/0!,,,,,,,,,,,,,,,,,22,,0,1,0,0,0,1
72,Chase Coffman,TE,SEA,2,,8.2,,,,,,,,,,,,,,,12.9,21.1,10.55,2.35,8.2,12.9,22.27%,57.93,,,24,,,,,,,,,,,,,,,11,1,1,0,0,0,2
2,Julio Jones,WR,ATL,16,35.1,26.5,40.4,7.8,11.7,15.3,24.2,32.2,23.7,,25,10.6,17.3,15.8,26.8,32.8,23.9,369.1,23.07,9.08,13.99,32.15,39.36%,81.68,,1,7,3,61,31,28,6,2,7,,2,45,19,23,8,1,7,10,2,2,2,1,14
41,Keenan Allen,WR,SD,8,31.6,1.6,37.3,17.2,11.7,29.7,17.9,14.5,,,,,,,,,,161.5,20.19,11.05,9.13,31.24,54.76%,57.05,,2,104,4,15,31,3,16,26,,,,,,,,,,3,2,2,1,1,7
4,DeAndre Hopkins,WR,HOU,16,30.8,10.3,24.1,24.7,27.9,36.8,11,23.4,,16.7,28.8,8.6,19.8,8.2,17.4,24.7,15.9,329.1,20.57,8.23,12.33,28.8,40.03%,71.95,,3,48,12,5,1,1,32,12,,16,1,51,13,51,26,6,19,8,3,2,3,1,13
1,Antonio Brown,WR,PIT,16,28.3,34.5,21.8,9.2,7.5,5.4,19,16.7,45.6,35.9,,11.1,31.8,15.7,46.9,13.1,35.7,378.2,23.64,13.07,10.57,36.7,55.28%,66.39,,4,2,15,56,53,68,12,24,1,1,,44,2,24,1,26,1,8,3,1,4,1,12
38,Julian Edelman,WR,NE,9,21.6,33.9,16.5,,22,17.2,10.4,27.1,14.5,9.3,,,,,,,,172.5,19.17,7.46,11.71,26.63,38.92%,68.42,,5,3,21,,7,22,36,5,25,38,,,,,,,,4,2,2,1,1,8
30,James Jones,WR,GB,16,21.1,9.9,26.9,14.8,15.7,11,,1.2,7.7,0,22.9,0,2.9,8.9,20.2,9.6,14.2,187,11.69,8.07,3.62,19.76,69.06%,28.61,,6,50,9,23,19,40,,96,51,101,4,113,84,47,17,46,24,3,4,0,9,1,7
59,Steve Johnson,WR,SD,9,20.2,15.5,7.6,7.2,,,9,4.8,13.8,,12.4,22.2,,,,,,112.7,12.52,5.65,6.87,18.18,45.15%,40.27,,7,29,59,67,,,43,57,28,,28,12,,,,,,2,0,3,4,1,5
17,Jordan Matthews,WR,PHI,16,20.2,20,10.9,8,9.4,9.9,4.4,,28.3,5.1,5.3,15,12.6,4.9,29.9,22.4,24.4,230.7,14.42,8.38,6.04,22.8,58.13%,39.22,,7,18,42,59,42,45,68,,5,59,61,31,34,74,4,8,6,5,1,2,8,1,8
75,Kendall Wright,WR,TEN,10,20.1,3.7,23.8,,6,7.4,14.6,6.8,,,,3.5,5.8,,,4.8,,96.5,9.65,6.87,2.78,16.52,71.19%,23.21,,9,82,13,,60,60,23,48,,,,83,65,,,79,,1,2,0,7,1,3
109,Percy Harvin,WR,BUF,5,19.8,9.4,15.2,5.6,-0.1,,,,,,,,,,,,,49.9,9.98,7,2.98,16.98,70.11%,24.22,,10,52,24,74,106,,,,,,,,,,,,,1,1,0,3,1,2
3,Brandon Marshall,WR,NYJ,16,18.2,23.1,24.9,19.8,,22.1,10.7,19.8,14.4,11.3,15.7,34.1,31.1,24.5,11.4,31.5,26.6,339.2,21.2,7.17,14.03,28.37,33.82%,83.89,,11,16,10,8,,9,34,17,26,29,15,5,3,7,45,2,3,9,3,3,1,1,15
29,Travis Benjamin,WR,CLE,16,17.9,26.5,12.5,13.9,14.3,20.7,6.7,5.6,5.2,17.6,,22,0,8.1,6.5,4,10.3,191.8,11.99,7.21,4.77,19.2,60.19%,31.9,,12,7,37,27,20,13,55,52,60,14,,13,112,54,68,83,47,2,4,1,9,1,7
36,Donte Moncrief,WR,IND,16,16.6,25.2,13.2,13.5,1.3,18.9,13.4,3.8,6,,9.1,19.4,4.3,8.2,16.1,3.5,0.8,173.3,10.83,7.05,3.78,17.88,65.12%,27.46,,13,10,35,31,89,18,26,67,57,,43,17,76,51,29,87,111,1,3,4,8,1,8
49,Nate Washington,WR,HOU,13,16.5,9.3,8.2,,,,33.7,17.4,,5.2,3.3,7.3,10.4,5.9,4.8,13.2,1.6,136.8,10.52,8.13,2.39,18.65,77.24%,24.15,,14,54,56,,,,1,23,,57,74,59,41,66,79,25,102,1,2,1,9,1,4
124,Rashad Greene,WR,JAC,9,15.8,2.7,,,,,,,,,1.2,4.7,9.5,2.8,0.9,1.2,1.5,40.3,4.48,4.74,-0.27,9.22,105.96%,8.7,,15,90,,,,,,,,,91,75,47,94,110,111,105,0,1,0,8,1,1
22,TY Hilton,WR,IND,16,15.8,8.5,13.4,13.7,13.8,19.4,31,2.5,13.2,,4.1,27.5,6.6,17.2,5.9,10.4,8.4,211.4,13.21,7.63,5.59,20.84,57.71%,36.11,,15,57,33,30,24,16,2,78,29,,68,10,59,20,74,40,60,2,4,3,7,1,9
47,Jermaine Kearse,WR,SEA,15,15.6,,13.6,10.4,11.8,0,9.4,0,,2,6.4,20.7,0,14.4,18,12.8,12.4,147.5,9.83,6.51,3.32,16.35,66.22%,24.69,,17,,32,49,29,101,41,98,,82,56,15,112,27,22,30,36,0,3,5,7,1,8
25,Randall Cobb,WR,GB,16,14.8,19.6,35.3,9.4,5.3,5.8,,9.7,19.9,10,10.4,13.4,6.8,17,10.8,4.7,10,202.9,12.68,7.41,5.27,20.09,58.42%,34.39,,18,20,5,53,62,65,,39,13,33,37,34,57,21,47,80,49,1,4,2,9,1,7
7,Larry Fitzgerald,WR,ARI,16,14.7,37.2,34.4,14.9,16.8,17.3,6.9,21.4,,23,17,16.6,13.5,9.1,7.3,12.9,17.5,280.5,17.53,8.14,9.39,25.67,46.42%,55.3,,19,1,6,20,16,21,52,15,,6,9,26,32,45,61,27,15,4,6,3,3,1,13
10,Jarvis Landry,WR,MIA,16,14.7,19.6,14.6,10.9,,15.6,25.8,13.1,19.7,18.8,10.6,35.9,2.5,20.9,13.4,18.1,13.8,268,16.75,7.1,9.65,23.85,42.40%,56.25,,19,20,29,45,,27,4,29,15,11,35,2,89,11,35,12,28,5,3,6,2,1,14
24,John Brown,WR,ARI,15,14.6,9.5,9.2,13.8,17.3,29.6,16.5,,,0,14.2,14.9,17.3,17.8,12.8,11.5,8.5,207.5,13.83,6.13,7.7,19.96,44.32%,45.04,,21,51,50,29,15,4,17,,,101,22,32,19,18,38,34,59,1,6,3,5,1,10
63,Jerricho Cotchery,WR,CAR,14,14.5,2.1,,,,4.1,2.3,3.8,11.2,2.6,9.7,12.3,11.6,3,8.7,8,13.2,107.1,7.65,4.37,3.28,12.02,57.08%,21.06,,22,97,,,,78,88,67,38,77,39,36,38,92,53,52,31,0,1,2,11,1,3
19,Emmanuel Sanders,WR,DEN,15,14.5,28.7,14.7,9.8,20.1,20.9,,4.2,21,0,,17.3,5.4,1.7,36.5,16.7,12.9,224.4,14.96,9.65,5.31,24.61,64.52%,38.14,,22,5,28,50,10,12,,61,12,101,,23,68,105,2,14,33,5,3,2,5,1,10
83,Brandon Coleman,WR,NO,16,14.1,6.3,1.9,4,0,0,3.4,2.4,7.8,2.4,,0,17.3,6.2,0,8.5,13.1,87.4,5.46,5.28,0.18,10.74,96.67%,11.11,,24,68,99,83,92,101,80,79,50,79,,113,19,64,114,50,32,0,2,1,13,1,3
31,Pierre Garcon,WR,WAS,16,13.4,14.3,11.4,18.5,8.1,13.8,10.5,,11,3,7.3,6.5,10.4,10.2,12.4,21,13.9,185.7,11.61,4.28,7.33,15.89,36.87%,43.1,,25,33,41,12,48,35,35,,39,75,51,65,41,37,41,10,25,2,0,5,9,1,7
50,Rishard Matthews,WR,MIA,11,13.4,17.5,29.3,2.6,,14.5,16.5,13.2,9.4,14.7,2.5,0,,,,,,133.6,12.15,7.95,4.19,20.1,65.49%,30.69,,25,27,7,93,,32,17,27,47,19,81,113,,,,,,1,2,4,4,1,7
11,Demaryius Thomas,WR,DEN,16,13,19.6,22.2,18.3,10.5,21.1,,24.8,10,14.1,14.9,4.6,18.1,17.5,23.1,12.9,22.7,267.4,16.71,5.44,11.27,22.15,32.55%,68.05,,27,20,14,14,38,11,,11,45,21,19,76,15,19,12,27,9,4,7,2,3,1,13
42,Alshon Jeffery,WR,CHI,9,12.8,,,,,28.7,,27.6,25.1,5.3,,16,12.5,22.7,8,,,158.7,17.63,8.17,9.46,25.8,46.32%,55.7,,28,,,,,5,,4,6,55,,29,35,8,58,,,4,0,3,2,1,7
72,Roddy White,WR,ATL,14,12.4,,,2.8,4.3,11.3,7.8,4.4,3,,6.4,12,6.3,7.5,7.7,11.7,2,99.6,7.11,3.48,3.63,10.59,48.91%,21.65,,29,,,91,69,38,47,59,70,,56,38,61,58,59,33,100,0,0,2,12,1,2
74,Mike Wallace,WR,MIN,15,12.3,6.8,7.9,22.3,,4.3,7.6,0,1.4,3.2,0.6,,6.3,13.2,6.7,3.1,3.2,98.9,6.59,5.61,0.98,12.21,85.14%,14.34,,30,65,57,6,,76,49,98,79,73,94,,61,30,63,91,91,1,0,2,12,1,3
13,Eric Decker,WR,NYJ,15,11.7,23.7,,14.6,,13.9,15.4,18,19.9,20.5,12.1,17.2,18.1,20.4,17.5,13.7,16,252.7,16.85,3.28,13.57,20.12,19.46%,103.39,,31,15,,25,,34,19,22,13,8,29,25,15,12,25,22,18,2,7,6,0,1,15
8,AJ Green,WR,CIN,16,11.3,13.5,44.7,15.2,13.8,7.6,,28.8,9.3,9.7,11.9,24.1,23.8,25.2,4.7,16.7,13.4,273.7,17.11,9.75,7.36,26.85,56.97%,47.13,,32,36,1,18,24,59,,3,48,34,31,11,8,6,80,14,30,5,3,5,3,1,13
43,Terrance Williams,WR,DAL,15,11,18.4,,13.9,5,,11,4,5.7,5.3,17.9,7.9,8.3,6.8,3.3,10.2,25.3,154,10.27,6.04,4.23,16.31,58.83%,27.72,,33,23,,27,63,,32,65,58,55,8,57,52,62,88,42,4,2,1,3,9,1,6
9,Doug Baldwin,WR,SEA,16,10.5,22.2,6.5,12.6,10,5.3,3.9,6.5,,26.4,12,38.5,26.4,32.2,20.5,25.8,9.6,268.9,16.81,10.32,6.48,27.13,61.43%,44.16,,34,17,65,37,41,69,71,50,,5,30,1,6,2,15,5,51,5,2,2,7,1,9
84,Harry Douglas,WR,TEN,14,10.4,1.3,5,,3.7,2.1,,,12.3,5.6,3.6,11.9,1.8,9.5,3.5,11.9,3.9,86.5,6.18,3.95,2.23,10.13,63.91%,15.85,,35,108,71,,71,90,,,32,54,72,39,98,43,87,32,86,0,0,3,11,1,3
15,Jeremy Maclin,WR,KC,15,10.2,9.2,28.1,25.8,16.5,7.8,,12.5,,4.7,5.9,31,28.5,12.6,18,15.9,16.2,242.9,16.19,8.28,7.91,24.47,51.12%,47.87,,36,55,8,4,18,57,,30,,62,59,7,4,32,22,17,17,4,4,3,4,1,11
68,Davante Adams,WR,GB,12,9.9,8.3,,,,,,1.8,16.3,17.9,6.6,3.4,12.1,3.2,8.2,7.2,9.4,104.3,8.69,4.73,3.96,13.43,54.46%,24.66,,37,58,,,,,,85,20,12,55,85,36,85,56,56,52,1,1,1,9,1,3
81,Dez Bryant,WR,DAL,9,9.8,,,,,,,3.2,21.4,9.5,14.5,4.6,9.2,1.9,15,,,89.1,9.9,5.94,3.96,15.84,59.95%,26.42,,38,,,,,,,72,10,36,20,76,48,103,31,,,1,1,2,5,1,4
95,Darrius Heyward-Bey,WR,PIT,11,9.8,17.7,4.9,13.1,4.4,0,,0,0,,,,3.1,,,2,9.4,64.4,5.85,5.63,0.22,11.49,96.24%,11.94,,38,26,72,33,65,101,,98,88,,,,82,,,97,52,0,0,2,9,1,2
21,Amari Cooper,WR,OAK,16,9.7,23.9,19.4,14.9,8.9,,24.3,9.8,21.8,12.9,1.4,18.5,10.2,0,30,3,4,212.7,13.29,8.72,4.57,22.01,65.60%,33.55,,40,14,18,20,47,,5,37,9,26,90,19,43,114,3,92,85,3,4,1,8,1,8
66,Cecil Shorts,WR,HOU,11,9.7,9.4,11.8,18.7,,10.3,,,,4.6,9.7,12.8,15.2,2.9,0,,,105.1,9.55,5.15,4.4,14.71,53.91%,27.29,,40,52,40,10,,44,,,,64,39,35,29,93,114,,,1,0,2,8,1,3
28,Tavon Austin,WR,STL,16,9.5,5.6,8.8,29.6,10.8,,10.4,25.9,12.1,4.3,1.1,21.6,4.8,8.9,22.3,5.8,11.2,192.7,12.04,8.07,3.98,20.11,66.98%,30.02,,42,72,54,2,37,,36,8,34,69,92,14,73,47,14,73,41,2,2,2,10,1,6
162,Chris Owusu,WR,NYJ,2,9.5,,,,,,4.5,,,,,,,,,,,14,7,2.5,4.5,9.5,35.71%,26.6,,42,,,,,,65,,,,,,,,,,,0,0,0,2,1,0
5,Odell Beckham Jr,WR,NYG,15,9.4,27.6,20.9,8.8,25.4,19.1,7.5,39,19.5,20.4,,29.2,26.9,35.6,19.6,,10.4,319.3,21.29,9.26,12.02,30.55,43.52%,70.2,,44,6,16,57,4,17,50,1,16,9,,9,5,1,18,,46,7,4,0,4,1,11
12,Brandin Cooks,WR,NO,16,9.3,10.8,14.9,6.5,21.7,8.1,14.1,26.5,17.3,27.9,,8.5,22.4,5.9,28.4,24.3,7.2,253.8,15.86,7.96,7.9,23.83,50.20%,47.47,,45,46,26,68,8,55,25,7,18,3,,52,10,66,5,7,65,6,1,2,7,1,9
65,Vincent Jackson,WR,TB,10,9.1,14.4,6,30.7,2.4,,2.3,,,,15.6,11.6,11.7,1.5,,,,105.3,10.53,8.29,2.24,18.82,78.77%,23.89,,46,32,66,1,77,,88,,,,16,41,37,108,,,,1,1,1,7,1,3
18,Allen Hurns,WR,JAC,15,9,10.8,15,28.6,22.6,11,13.3,,23.2,17.2,4.9,8.2,,19.5,6.4,30.6,4.7,225,15,8.08,6.92,23.08,53.87%,42.84,,47,46,25,3,6,40,27,,8,15,62,55,,13,69,3,78,4,2,2,7,1,8
127,Stedman Bailey,WR,STL,7,8.8,1,,11,10.3,,1.8,0,3.3,,,,,,,,,36.2,5.17,4.35,0.82,9.52,84.12%,11.32,,48,110,,44,40,,90,98,69,,,,,,,,,0,0,0,7,1,0
16,Michael Crabtree,WR,OAK,16,8.7,26.1,7.6,13,9.4,,18.3,23.2,29.8,9.5,11,11.9,15.5,5.9,13,15.9,12.4,231.2,14.45,6.59,7.86,21.04,45.64%,46.1,,49,9,59,35,42,,14,13,4,36,32,39,27,66,36,17,36,2,3,6,5,1,11
46,Markus Wheaton,WR,PIT,16,8.5,8.7,3.6,2.8,14.2,1.8,3.6,1.5,0.8,3.8,,35.1,14,10.5,18.2,7.1,14.7,148.9,9.31,8.49,0.81,17.8,91.27%,19.5,,50,56,81,91,21,93,75,90,87,71,,4,31,36,21,58,22,1,3,2,10,1,6
85,Marquess Wilson,WR,CHI,10,7.9,2,,14,20.5,7.4,,2.4,2.5,1.1,14.2,8.4,,,,,,80.4,8.04,6.14,1.9,14.18,76.31%,18.58,,51,99,,26,9,60,,79,74,98,22,54,,,,,,1,1,1,7,1,3
40,Anquan Boldin,WR,SF,14,7.6,18,3.6,4.2,24.7,15.2,6.9,,,,14.3,17.3,8.7,4.2,19.4,7.7,18.1,169.9,12.14,6.54,5.59,18.68,53.93%,34.64,,52,24,81,81,5,29,52,,,,21,23,50,82,19,54,13,1,5,1,7,1,7
34,Ted Ginn Jr,WR,CAR,14,7.4,14.1,13.3,15.8,,2.8,15.2,8,3,8.5,15.9,,25,26.5,26.5,1.9,,183.9,13.14,8.17,4.97,21.31,62.20%,34.26,,53,34,34,17,,84,20,45,70,42,14,,7,5,10,100,,3,3,2,6,1,8
44,Tyler Lockett,WR,SEA,15,7.4,3.7,,7.9,4.9,0,18.9,6.6,,1.7,21.3,6.8,16.7,28.4,16.5,6.3,6.3,153.4,10.23,7.86,2.37,18.09,76.86%,23.54,,53,82,,60,64,101,13,49,,87,5,63,23,4,28,68,69,2,2,1,10,1,5
32,Willie Snead,WR,NO,15,7.3,12.4,9.4,14.9,20.1,9.5,5.5,26.6,15.5,0,,9,,19.2,17.6,11.5,6.5,185,12.33,6.54,5.79,18.88,53.04%,35.6,,55,39,49,20,10,48,60,6,22,101,,48,,14,24,34,68,2,4,1,8,1,7
51,Cole Beasley,WR,DAL,16,6.9,5.4,8.9,12.2,8,,-2,0,32.2,1.8,2.4,16.4,0,5.5,6.7,4.9,22.3,131.6,8.23,8.67,-0.44,16.89,105.36%,16.03,,56,74,53,40,49,,108,98,2,85,83,28,112,71,63,78,10,2,0,1,13,1,3
144,Andre Roberts,WR,WAS,7,6.6,1,2.8,,,1.6,7.9,,4.6,,,0,,,,,,24.5,3.5,2.75,0.75,6.25,78.45%,7.97,,57,110,87,,,95,46,,61,,,113,,,,,,0,0,0,7,1,0
58,Andre Johnson,WR,IND,15,6.4,5.7,,0,25.7,6.5,8.4,18.1,0,,2.3,3.2,6.4,4.9,6.2,6.9,14.6,115.3,7.69,6.67,1.01,14.36,86.80%,16.54,,58,71,,104,3,64,45,21,88,,84,87,60,74,71,60,23,1,2,0,12,1,3
26,Golden Tate,WR,DET,15,6.4,14,10.7,6.5,14.2,16,3.4,,,10.3,15.1,18,14.6,28.5,22.5,9.9,7.4,197.5,13.17,6.35,6.82,19.52,48.23%,40.47,,58,35,44,68,21,25,80,,,32,18,20,30,3,13,44,63,1,4,4,6,1,9
56,Marques Colston,WR,NO,13,5.9,10.9,8.7,5.9,6.6,,3,25.4,6.7,5.2,,6.8,2.4,21.6,11.9,,,121,9.31,6.61,2.7,15.92,71.00%,22.42,,60,45,55,73,55,,84,9,54,57,,63,93,9,44,,,2,0,0,11,1,2
113,Greg Jennings,WR,MIA,11,5.9,,2,4.5,,2.3,5.7,,0,1.9,0,8.9,,3.2,,,11.4,45.8,4.16,3.43,0.74,7.59,82.30%,9.22,,60,,98,79,,87,59,,88,84,95,49,,85,,,40,0,0,0,11,1,0
14,Calvin Johnson,WR,DET,15,5.9,24.3,15.7,10.6,11.7,28.6,19.6,,,14.1,13.8,35.3,13.4,2.6,2.9,19.7,29.7,247.9,16.53,9.4,7.12,25.93,56.90%,45.57,,60,12,22,47,31,6,11,,,21,24,3,33,96,95,11,2,6,3,2,4,1,11
55,Kenny Britt,WR,STL,16,5.7,12.4,17.2,0,0,,5.1,0,11.7,1.6,4.4,12.3,6.1,5.5,15.1,13.9,11.1,122.1,7.63,5.58,2.05,13.21,73.13%,18.06,,63,39,19,104,92,,63,98,37,89,66,36,63,71,30,21,42,0,2,2,12,1,4
94,Riley Cooper,WR,PHI,11,5.5,,,15.2,6.2,16.6,,,,,6.2,3.6,2.4,5.8,4.2,0,0,65.7,5.97,5.15,0.83,11.12,86.16%,12.91,,64,,,18,58,24,,,,,58,82,93,69,81,113,113,0,2,0,9,1,2
76,Albert Wilson,WR,KC,12,5.5,,,,,14.7,10.1,4.2,,2.6,9.6,6.3,3.2,18.7,7.5,6.9,5.4,94.7,7.89,4.57,3.33,12.46,57.86%,21.53,,64,,,,,31,38,61,,77,42,68,81,16,60,60,74,0,1,1,10,1,2
107,Andrew Hawkins,WR,CLE,8,5.4,7.3,3.8,4.7,11.9,3.5,4.1,,,11.9,,,,,,,,52.6,6.58,3.27,3.31,9.84,49.70%,19.8,,66,64,80,77,27,83,69,,,27,,,,,,,,0,0,2,6,1,2
79,Mohamed Sanu,WR,CIN,16,5.4,2.5,5.4,12.4,11.9,5.8,,3,14,1.5,4.1,1.8,0.7,4.4,3,12.9,2.7,91.5,5.72,4.33,1.39,10.05,75.74%,13.27,,66,91,70,39,27,65,,75,27,91,68,103,108,80,93,27,92,0,0,3,13,1,3
33,Rueben Randle,WR,NYG,16,5.3,1.5,24.6,12.1,9.2,9.4,8.8,10.5,15,8.1,,10.6,4.2,16.8,14.7,16,17.9,184.7,11.54,5.62,5.92,17.17,48.71%,35.25,,68,106,11,41,44,49,44,33,24,43,,45,77,22,32,16,14,1,4,2,9,1,7
151,Charles Johnson,WR,MIN,6,4.7,4,1.9,,,,3.1,4.5,3.5,,,,,,,,,21.7,3.62,0.94,2.67,4.56,26.06%,17.5,,69,79,99,,,,82,58,68,,,,,,,,,0,0,0,6,1,0
57,Robert Woods,WR,BUF,14,4.7,15,7.8,4.3,1.6,8.7,23.4,,0,4.9,8.4,5.5,9.9,15.6,8.4,,,118.2,8.44,5.92,2.52,14.37,70.15%,20.48,,69,30,58,80,84,52,8,,88,61,47,72,44,25,55,,,1,0,2,11,1,3
173,Preston Parker,WR,NYG,2,4.6,4.7,,,,,,,,,,,,,,,,9.3,4.65,0.05,4.6,4.7,1.08%,435.19,,71,76,,,,,,,,,,,,,,,,0,0,0,2,1,0
143,Marlon Brown,WR,BAL,9,4.5,3.2,4.9,2.9,1,1.9,5.2,0,,1.6,,,,,,,,25.2,2.8,1.72,1.08,4.52,61.35%,7.37,,72,87,72,90,90,92,61,98,,89,,,,,,,,0,0,0,9,1,0
112,Phillip Dorsett,WR,IND,11,4.5,3.5,12.3,3.1,1.9,5,1.8,,,,,,,0,1.1,5.1,7.9,46.2,4.2,3.31,0.89,7.51,78.92%,9.52,,72,85,38,85,83,71,90,,,,,,,114,109,77,61,0,0,0,11,1,0
120,Jordan Norwood,WR,DEN,10,4.5,4.4,5.7,,3.5,0.9,,,,,1.8,,,1.5,4.9,7.7,7.8,42.7,4.27,2.29,1.98,6.56,53.64%,12.23,,72,77,69,,72,99,,,,,86,,,108,78,54,62,0,0,0,10,1,0
48,Danny Amendola,WR,NE,14,4.4,4.2,14.9,,2.6,17.5,22.6,2.1,7.2,17.9,20.7,,19.2,10.6,-0.7,,3.7,146.9,10.49,7.75,2.74,18.25,73.90%,24.7,,75,78,26,,73,20,9,82,52,12,6,,14,35,130,,88,3,2,2,7,1,7
139,Keith Mumphery,WR,HOU,7,4.3,,,9.6,6.3,2.8,2.6,1.3,,,,,,,,,0,26.9,3.84,3.01,0.84,6.85,78.23%,8.76,,76,,,51,57,84,86,94,,,,,,,,,113,0,0,0,7,1,0
122,Miles Austin,WR,PHI,9,4.2,,,13.1,0,9,9.2,,3.7,0,0,2.2,,,,,,41.4,4.6,4.51,0.09,9.11,98.02%,9.29,,77,,,33,92,50,42,,67,101,95,98,,,,,,0,0,1,8,1,1
62,Seth Roberts,WR,OAK,16,4.2,8.2,14.6,0,0,,1.6,3.1,10.3,1.5,7.4,29.3,9.1,10,0,5.7,5,110,6.88,7.14,-0.27,14.02,103.87%,13.5,,77,60,29,104,92,,94,73,44,91,49,8,49,38,114,74,77,1,0,1,14,1,2
108,Taylor Gabriel,WR,CLE,12,4,0.7,5.8,6.2,11.5,1.5,3.5,7.2,1.3,4.6,,,,,3.8,0,,50.1,4.18,3.1,1.08,7.27,74.24%,9.79,,79,112,67,71,34,96,76,47,82,64,,,,,84,113,,0,0,1,11,1,1
61,Brian Hartline,WR,CLE,11,4,,14.6,1.7,1.5,0,5.2,19.2,,13.7,,15.4,16.3,18.7,,,,110.3,10.03,7.16,2.87,17.19,71.42%,24.07,,79,,29,100,86,101,61,19,,23,,30,25,16,,,,0,3,3,5,1,6
70,Malcom Floyd,WR,SD,15,3.9,13.5,10.3,3,7.8,14.5,1.7,25.2,0,,,2.2,0.5,8.6,3.7,7.2,0,102.1,6.81,6.69,0.12,13.5,98.27%,13.74,,81,36,46,88,50,32,92,10,88,,,98,110,49,85,56,113,1,0,2,12,1,3
88,Josh Huff,WR,PHI,13,3.9,4,,,17.8,4.9,2.5,,3,11.3,10.9,2.1,,4.8,9.2,1.8,0,76.2,5.86,4.82,1.04,10.69,82.29%,12.99,,81,79,,,13,72,87,,70,29,33,101,,76,50,102,113,0,1,2,10,1,3
35,Marvin Jones,WR,CIN,16,3.9,13.1,20.4,2,11.1,24.5,,3.4,12.8,7.6,10,8.5,16.5,12.1,12.9,6.3,8.8,173.9,10.87,5.85,5.02,16.72,53.84%,31.05,,81,38,17,97,35,8,,70,30,45,38,52,24,33,37,68,57,1,2,3,10,1,6
6,Allen Robinson,WR,JAC,16,3.7,33.5,10.8,12,26.2,20.6,21.8,,18.1,16.1,16.3,16.6,43.3,7.4,14.7,27.1,15.8,304,19,9.57,9.43,28.57,50.35%,56.74,,84,4,43,42,2,14,10,,17,17,11,26,1,59,32,4,20,6,4,2,4,1,12
90,Bryan Walters,WR,JAC,11,3.7,,4.8,4.7,10.4,16.7,1.5,,16.4,5.9,5.5,1.4,3.8,,,,,74.8,6.8,5.13,1.67,11.93,75.50%,15.8,,84,,75,77,39,23,96,,19,53,60,108,78,,,,,0,2,0,9,1,2
86,Jarius Wright,WR,MIN,15,3.7,5.6,5.8,,,8.9,6.1,1.8,2.2,1.2,9,3.3,4.4,8.1,6.2,8.7,4.1,79.1,5.27,2.52,2.75,7.79,47.80%,16.3,,84,72,67,,,51,57,85,75,95,44,86,75,54,71,49,84,0,0,0,15,1,0
87,Leonard Hankerson,WR,ATL,7,3.6,19.7,7.5,22.3,2.3,7.7,,,,,13.6,,,,,,,76.7,10.96,7.21,3.75,18.17,65.79%,27.62,,87,19,62,6,78,58,,,,,25,,,,,,,1,1,1,4,1,3
100,Adam Humphries,WR,TB,11,3.4,,,,,,,4.4,10.5,4.5,9,4,1.6,7.6,12,2,0,59,5.36,3.7,1.67,9.06,68.91%,13.15,,88,,,,,,,59,42,66,44,80,101,57,42,97,113,0,0,0,11,1,0
69,Philly Brown,WR,CAR,14,3.3,14.7,1.2,1.3,,5.7,6.8,14.6,11.8,1.8,,,2.7,9.8,14.1,6.9,8.8,103.5,7.39,4.83,2.56,12.22,65.32%,18.71,,89,31,104,102,,67,54,25,36,85,,,86,40,34,60,57,0,0,4,10,1,4
52,Steve Smith,WR,BAL,7,3.3,25,43.6,6.4,,26.7,12.8,13.2,,,,,,,,,,131,18.71,12.97,5.75,31.68,69.30%,45.71,,89,11,2,70,,7,28,27,,,,,,,,,,3,0,2,2,1,5
91,Lance Moore,WR,DET,12,3.2,2.4,3,4.1,17.5,21.6,0,,,11.9,3.1,2.4,,,2,1.6,,72.8,6.07,6.69,-0.62,12.75,110.22%,11.57,,91,93,85,82,14,10,99,,,27,76,95,,,103,104,,1,1,1,9,1,3
37,Michael Floyd,WR,ARI,14,2.8,,2.2,10.9,2.5,16,14.9,20.6,,30.3,,2.4,17.4,21.2,12,17.1,2.6,172.9,12.35,8.55,3.8,20.9,69.25%,30.18,,92,,97,45,76,25,21,16,,2,,95,18,10,42,13,95,2,4,1,7,1,7
188,Tyler Murphy,WR,PIT,1,2.6,,,,,,,,,,,,,,,,,2.6,2.6,0,2.6,2.6,0.00%,#DIV/0!,,93,,,,,,,,,,,,,,,,,0,0,0,1,1,0
138,Bruce Ellington,WR,SF,11,2.5,,,,5.9,,,2.8,2.9,,0,-2,1,0,0,8.5,5.4,27,2.45,2.98,-0.52,5.43,121.26%,4.48,,94,,,,61,,,77,73,,95,122,105,114,114,50,74,0,0,0,11,1,0
97,Ryan Grant,WR,WAS,12,2.5,7.5,2.9,9.5,1.4,4.2,14.4,,,,,2.9,,0,2.3,3.4,10.8,61.8,5.15,4.2,0.95,9.35,81.57%,11.46,,94,63,86,52,88,77,24,,,,,93,,114,101,89,44,0,1,0,11,1,1
82,Kenny Stills,WR,MIA,14,2.2,2.8,,19.1,,6.6,,8.8,10.4,0,13.2,3.2,0,12.9,3.3,4.4,2.1,89,6.36,5.52,0.84,11.88,86.81%,13.69,,96,88,,9,,62,,41,43,101,26,87,112,31,88,82,98,1,0,2,11,1,3
103,Justin Hunter,WR,TEN,9,2.1,5.4,3.9,,7.8,8.4,3.7,3.7,10.7,8.7,,,,,,,,54.4,6.04,2.77,3.28,8.81,45.78%,19.24,,97,74,78,,50,54,74,69,41,40,,,,,,,,0,0,0,9,1,0
54,Torrey Smith,WR,SF,15,2.1,24,,7.4,6.2,18.6,0,3.9,6.4,,2.6,7.1,15.6,2.7,5.3,10.3,11.1,123.3,8.22,6.47,1.75,14.69,78.68%,18.67,,97,13,,63,58,19,99,66,55,,80,61,26,95,77,41,42,0,2,1,12,1,3
115,De'Anthony Thomas,WR,KC,10,2.1,2,2.5,1.7,10.9,0.1,4.5,12.2,,7.7,0.7,,,,,,,44.4,4.44,4.1,0.34,8.54,92.34%,9.25,,97,99,90,100,36,100,65,31,,44,93,,,,,,,0,0,2,8,1,2
137,Aaron Dobson,WR,NE,6,1.9,15.7,1.5,,,,3.8,,,1.5,2.7,,,,,,,27.1,4.52,5.07,-0.55,9.58,112.14%,8.54,,100,28,103,,,,73,,,91,78,,,,,,,0,0,1,5,1,1
64,Devin Funchess,WR,CAR,16,1.9,2.5,2.4,0,,4.4,3,1.8,16.1,6.1,16.4,3.9,8.3,5.5,11,0,23,106.3,6.64,6.47,0.17,13.12,97.45%,13.46,,100,91,92,104,,75,84,85,21,51,10,81,52,71,46,113,8,2,1,0,13,1,3
133,Jaron Brown,WR,ARI,10,1.8,10,,3,,0,1.3,4.9,,6.8,,,,1.1,2.5,,0,31.4,3.14,3.05,0.09,6.19,97.14%,6.37,,102,49,,88,,101,97,56,,47,,,,113,98,,113,0,0,0,10,1,0
161,Michael Campanaro,WR,BAL,3,1.8,,3.9,10.5,,,,,,,,,,,,,,16.2,5.4,3.71,1.69,9.11,68.64%,13.27,,102,,78,48,,,,,,,,,,,,,,0,0,0,3,1,0
129,Chris Matthews,WR,SEA,10,1.8,2.3,,3.1,,2.2,,0,,0,,,,3.1,1.6,10.9,9.1,34.1,3.41,3.47,-0.06,6.88,101.79%,6.76,,102,94,,85,,88,,98,,101,,,,89,107,38,55,0,0,0,10,1,0
93,Eddie Royal,WR,CHI,9,1.8,11.1,4.7,18.4,,9.9,,3.1,,,,,,2.5,8.1,7.1,,66.7,7.41,4.97,2.44,12.39,67.12%,18.46,,102,44,76,13,,45,,73,,,,,,98,57,58,,0,1,0,8,1,1
194,Rod Streater,WR,OAK,1,1.8,,,,,,,,,,,,,,,,,1.8,1.8,0,1.8,1.8,0.00%,#DIV/0!,,102,,,,,,,,,,,,,,,,,0,0,0,1,1,0
167,Russell Shepard,WR,TB,6,1.6,,,,,,,,,0,7.4,,,,0,2.8,0,11.8,1.97,2.64,-0.68,4.61,134.45%,3.43,,108,,,,,,,,,101,49,,,,114,94,113,0,0,0,6,1,0
102,Nelson Agholor,WR,PHI,12,1.5,6.1,,7.4,1.5,,,,,6.2,4.1,3.5,0,15.2,0,5.5,4.3,55.3,4.61,3.97,0.64,8.58,86.10%,9.97,,109,69,,63,86,,,,,49,68,83,112,26,114,75,80,0,0,1,11,1,1
114,Nick Williams,WR,ATL,11,1.5,2.2,1.6,1.8,2.3,2.1,7.3,,0,,,10.6,7.5,8,,,,44.9,4.08,3.37,0.71,7.46,82.66%,9.02,,109,96,102,99,78,90,51,,88,,,45,55,56,,,,0,0,0,11,1,0
53,Jamison Crowder,WR,WAS,16,1.2,1.7,10.5,13.5,16.7,8,9.8,,11,16,1.5,3.2,5.9,2.3,3.1,3.3,21.9,129.6,8.1,6.2,1.9,14.3,76.58%,18.67,,111,101,45,31,17,56,39,,39,18,89,87,64,99,92,90,11,1,2,1,12,1,4
136,Andre Caldwell,WR,DEN,12,1.1,1.6,1.2,0,,3.8,,3.4,0,9.3,,8.8,0.3,,0,0,,29.5,2.46,3.2,-0.74,5.66,130.08%,4.35,,112,104,104,104,,79,,70,88,38,,50,111,,114,113,,0,0,0,12,1,0
71,Dwayne Harris,WR,NYG,13,1.1,,,16.1,13.2,3.8,6.3,18.7,1.1,20.2,,4.9,1.8,9.1,2.9,1.6,,100.8,7.75,6.72,1.03,14.47,86.68%,16.69,,112,,,16,26,79,56,20,85,10,,73,98,45,95,104,,1,2,1,9,1,4
180,Cordarrelle Patterson,WR,MIN,4,1.1,,0.9,1.9,,,,,,0.6,,,,,,,,4.5,1.13,0.48,0.64,1.61,42.80%,3.76,,112,,106,98,,,,,,100,,,,,,,,0,0,0,4,1,0
27,Kamar Aiken,WR,BAL,15,0.9,11.9,,18.7,11.8,11.2,1.6,12.2,,14.3,16,20,10.8,14,26.8,14.6,12.6,197.4,13.16,6.18,6.98,19.34,46.99%,41.16,,115,41,,10,29,39,94,31,,20,13,16,40,29,8,19,35,2,4,4,5,1,10
20,Sammy Watkins,WR,BUF,12,,18,4.9,,,14.8,,,30.8,4.4,6.9,33.8,19.9,19.2,28.1,13.4,24.6,218.8,18.23,9.46,8.77,27.7,51.90%,53.37,,,24,72,,,30,,,3,68,53,6,12,14,6,23,5,5,3,1,3,1,9
105,Josh Bellamy,WR,CHI,9,,11.8,,0,9.1,,,,1.6,,9.7,,2.6,,1.7,3,13.9,53.4,5.93,4.87,1.06,10.81,82.13%,13.16,,,42,,104,46,,,,78,,39,,87,,106,92,25,0,0,1,8,1,1
135,Louis Murphy,WR,TB,4,,11.2,9.1,5.6,,,3.9,,,,,,,,,,,29.8,7.45,2.86,4.59,10.31,38.44%,26.82,,,43,51,74,,,71,,,,,,,,,,,0,0,0,4,1,0
60,Dorial Green-Beckham,WR,TEN,14,,8.3,10.2,,,8.7,0,2.2,12.7,0,7,3.2,22.9,8.3,17.3,0,10.1,110.9,7.92,6.49,1.43,14.41,81.96%,17.58,,,58,47,,,52,99,81,31,101,52,87,9,50,27,113,48,1,0,2,11,1,3
101,Andre Holmes,WR,OAK,13,,8,7.3,0,0,,0,19.4,0,10.4,0,1.9,1.1,,3.7,6.3,,58.1,4.47,5.55,-1.08,10.02,124.17%,8.07,,,62,63,104,92,,99,18,88,31,95,102,104,,85,68,,0,1,1,11,1,2
147,Cameron Meredith,WR,CHI,6,,6.6,,0,9.2,1.7,,,,,1.6,,,,,,3.9,23,3.83,3.18,0.65,7.01,82.97%,8.45,,,66,,104,44,94,,,,,88,,,,,,86,0,0,0,6,1,0
89,Quinton Patton,WR,SF,14,,6.5,1.7,7.3,2.6,11.8,1.2,5.3,10,,3.5,1.6,,9.6,6.7,3.8,4.3,75.9,5.42,3.24,2.18,8.66,59.82%,14.48,,,67,101,65,73,37,98,53,45,,73,107,,42,63,84,80,0,0,0,14,1,0
116,Marqise Lee,WR,JAC,9,,5.9,2.3,,,,,,,2.1,,2.3,3.1,3.1,6.6,12.5,6,43.9,4.88,3.17,1.7,8.05,65.08%,12.37,,,70,95,,,,,,,80,,97,82,89,66,31,71,0,0,1,8,1,1
185,DeAndrew White,WR,SF,1,,3.8,,,,,,,,,,,,,,,,3.8,3.8,0,3.8,3.8,0.00%,#DIV/0!,,,81,,,,,,,,,,,,,,,,0,0,0,1,1,0
104,Quincy Enunwa,WR,NYJ,11,,3.7,10,0,,3.7,,,,,4.2,4.9,5.7,2,8.9,8.9,1.5,53.5,4.86,3.1,1.76,7.97,63.82%,12.49,,,82,48,104,,82,,,,,67,73,66,102,52,47,105,0,0,0,11,1,0
182,Chandler Worthy,WR,HOU,3,,3.5,0.9,,0,,,,,,,,,,,,,4.4,1.47,1.48,-0.02,2.95,101.18%,2.92,,,85,106,,92,,,,,,,,,,,,,0,0,0,3,1,0
148,Devin Street,WR,DAL,9,,2.8,,,2.3,,9.5,,,2,2.9,,0.8,0,,0,2.1,22.4,2.49,2.69,-0.2,5.18,108.05%,4.79,,,88,,,78,,40,,,82,77,,107,114,,113,98,0,0,0,9,1,0
77,Chris Hogan,WR,BUF,13,,2.1,13.2,9.3,14.2,5.1,11.6,,,,15.5,6.4,2.2,4,2.3,5.9,1.6,93.4,7.18,4.81,2.37,12,66.98%,17.92,,,97,35,55,21,70,31,,,,17,67,97,83,101,71,102,0,2,2,9,1,4
99,Chris Givens,WR,STL,13,,1.7,2.4,,0,,3.5,8.7,,13.7,4.5,6,9.8,0,2.5,6.5,0,59.3,4.56,4.06,0.5,8.62,89.06%,9.68,,,101,92,,92,,76,42,,23,64,69,45,114,98,66,113,0,1,0,12,1,1
184,Geremy Davis,WR,NYG,3,,1.5,,,2.6,0,,,,,,,,,,,,4.1,1.37,1.07,0.3,2.43,77.97%,3.12,,,106,,,73,101,,,,,,,,,,,,0,0,0,3,1,0
77,DeVante Parker,WR,MIA,8,,1.3,7.6,,,,,,,,,18,15.3,3.6,12.7,13.3,21.6,93.4,11.68,6.57,5.11,18.24,56.23%,32.44,,,108,59,,,,,,,,,20,28,84,40,24,12,1,2,1,4,1,4
23,Mike Evans,WR,TB,14,,,17.1,6.2,7.1,,30.4,7.8,21.2,20.6,16.3,11.4,17.1,6.9,24.7,10.1,13.9,210.8,15.06,7.11,7.95,22.16,47.20%,46.95,,,,20,71,54,,3,46,11,7,11,42,22,61,11,43,25,5,2,1,6,1,8
117,Jeremy Kerley,WR,NYJ,5,,,15.3,,,,11.7,10.3,4.2,1.7,,,,,,,,43.2,8.64,4.99,3.65,13.63,57.72%,23.61,,,,23,,,,30,34,64,87,,,,,,,,0,1,2,2,1,3
98,Keshawn Martin,WR,NE,9,,,12.3,,4.3,4.9,,,,,,1.8,7.5,9.3,5.6,14.4,1.4,61.5,6.83,4.22,2.61,11.05,61.74%,17.9,,,,38,,69,72,,,,,,103,55,44,75,20,108,0,1,0,8,1,1
126,Bennie Fowler,WR,DEN,13,,,9,2.1,6.6,0,,4.1,4.2,2.7,,1.8,0,2.2,0,2.3,1.3,36.3,2.79,2.55,0.24,5.34,91.26%,5.85,,,,52,95,55,101,,63,64,76,,103,112,100,114,96,109,0,0,0,13,1,0
144,Devin Smith,WR,NYJ,7,,,6.9,3.4,,,1.7,,,1.2,0,11.3,,0,,,,24.5,3.5,3.88,-0.38,7.38,110.89%,6.66,,,,64,84,,,92,,,95,95,43,,114,,,,0,0,0,7,1,0
132,Rashad Ross,WR,WAS,5,,,4.7,5.3,,2.6,,,,,,,,4.7,,,15.1,32.4,6.48,4.41,2.07,10.89,68.00%,16.01,,,,76,76,,86,,,,,,,,77,,,21,0,1,0,4,1,1
128,Adam Thielen,WR,MIN,9,,,3.6,13,,,4,,,1.4,0,,,1.7,0.8,1.5,9.3,35.3,3.92,4.13,-0.21,8.06,105.37%,7.65,,,,81,35,,,70,,,94,95,,,105,112,107,54,0,0,1,8,1,1
159,Ricardo Lockette,WR,SEA,4,,,3.3,,,12.1,0,1.3,,,,,,,,,,16.7,4.18,4.72,-0.55,8.9,113.15%,7.87,,,,84,,,36,99,94,,,,,,,,,,0,0,1,3,1,1
139,Jason Avant,WR,KC,10,,,2.8,8.3,,1.4,3.1,,,0,4.6,0,,,3.2,0,3.5,26.9,2.69,2.44,0.25,5.13,90.75%,5.65,,,,87,58,,98,82,,,101,63,113,,,90,113,90,0,0,0,10,1,0
118,Chris Conley,WR,KC,9,,,2.6,7.3,1.6,4.6,18.3,1.6,,,2.7,0,,,,,4.2,42.9,4.77,5.18,-0.42,9.95,108.71%,9.15,,,,89,65,84,74,14,89,,,78,113,,,,,83,0,1,0,8,1,1
152,Marlon Moore,WR,CLE,6,,,2.5,,,,,,,,,8,2.4,4.3,3,0.9,,21.1,3.52,2.24,1.28,5.76,63.70%,9.04,,,,90,,,,,,,,,56,93,81,93,112,,0,0,0,6,1,0
155,Brenton Bersin,WR,CAR,5,,,2.3,9.4,,,,,,,2.5,2.2,,,,,2.5,18.9,3.78,2.81,0.97,6.59,74.40%,8.86,,,,95,53,,,,,,,81,98,,,,,96,0,0,0,5,1,0
45,Stefon Diggs,WR,MIN,13,,,,14.7,,19.9,23.7,21.5,7.2,7.6,12.6,7.1,3.6,3.2,20.5,5.9,1.8,149.3,11.48,7.45,4.03,18.94,64.87%,29.2,,,,,24,,15,7,14,52,45,27,61,79,85,15,71,101,1,4,1,7,1,6
163,Brandon Tate,WR,CIN,3,,,,12.5,,,,,1.4,,,,0,,,,,13.9,4.63,5.59,-0.96,10.23,120.69%,8.48,,,,,38,,,,,79,,,,112,,,,,0,0,0,3,1,0
72,Dontrelle Inman,WR,SD,12,,,,11.8,0,10.8,4.6,2,3.8,,8.1,17.5,2.5,,10.8,22.2,5.5,99.6,8.3,6.37,1.93,14.67,76.72%,19.12,,,,,43,92,43,64,84,66,,48,22,89,,47,9,72,1,1,0,10,1,2
125,Brice Butler,WR,DAL,5,,,,7.7,,,6.1,,,,,,,,2.6,11.4,10,37.8,7.56,3.08,4.48,10.64,40.75%,26.11,,,,,62,,,57,,,,,,,,97,36,49,0,0,1,4,1,1
121,Griff Whalen,WR,IND,8,,,,2.6,,11,-2,9.8,12.3,,4,,2.9,,0.9,,,41.5,5.19,4.86,0.33,10.05,93.70%,10.73,,,,,93,,40,108,37,32,,71,,84,,110,,,0,0,1,7,1,1
192,Sammie Coates,WR,PIT,1,,,,2.1,,,,,,,,,,,,,,2.1,2.1,0,2.1,2.1,0.00%,#DIV/0!,,,,,95,,,,,,,,,,,,,,0,0,0,1,1,0
198,Tony Washington,WR,JAC,1,,,,0.8,,,,,,,,,,,,,,0.8,0.8,0,0.8,0.8,0.00%,#DIV/0!,,,,,103,,,,,,,,,,,,,,0,0,0,1,1,0
168,Dwayne Bowe,WR,CLE,6,,,,0,,,,0,6.1,,,0,,,4.2,0,,10.3,1.72,2.49,-0.77,4.21,144.99%,2.9,,,,,104,,,,98,56,,,113,,,81,113,,0,0,0,6,1,0
164,Marcus Easley,WR,BUF,3,,,,0,,,12.8,,,,,,,,0,,,12.8,4.27,6.03,-1.77,10.3,141.42%,7.28,,,,,104,,,28,,,,,,,,114,,,0,0,1,2,1,1
110,Marc Mariani,WR,CHI,12,,,,0,0,,,2.9,4.3,-2,2,6.5,5.3,5.7,6.1,5.2,13.7,49.7,4.14,3.91,0.23,8.06,94.50%,8.53,,,,,104,92,,,76,63,113,85,65,70,70,73,76,29,0,0,1,11,1,1
111,Jaelen Strong,WR,HOU,10,,,,,19.3,1.5,0,0,,,0,,0,1.6,10.3,3.8,11.6,48.1,4.81,6.33,-1.52,11.14,131.66%,8.46,,,,,,12,96,99,98,,,95,,112,107,49,84,39,1,0,0,9,1,1
171,Corey Fuller,WR,DET,3,,,,,7.6,-0.5,,,,,,,2.5,,,,,9.6,3.2,3.34,-0.14,6.54,104.49%,6.26,,,,,,52,111,,,,,,,89,,,,,0,0,0,3,1,0
182,Marquise Goodwin,WR,BUF,1,,,,,4.4,,,,,,,,,,,,,4.4,4.4,0,4.4,4.4,0.00%,#DIV/0!,,,,,,65,,,,,,,,,,,,,0,0,0,1,1,0
166,Jeremy Ross,WR,BAL,6,,,,,4.4,6.6,-0.1,5.1,,-2,,-2,,,,,,12,2,3.49,-1.49,5.49,174.33%,3.15,,,,,,65,62,106,54,,113,,122,,,,,,0,0,0,6,1,0
139,TJ Jones,WR,DET,7,,,,,2.1,-2.3,,,,,,,5.7,7.3,4.2,9.9,0,26.9,3.84,3.92,-0.08,7.77,102.10%,7.61,,,,,,81,112,,,,,,,66,60,81,44,113,0,0,0,7,1,0
153,Brian Quick,WR,STL,9,,,,,2,,0,1.5,0.9,4.7,,2.8,2.4,,,1.6,4.3,20.2,2.24,1.43,0.81,3.68,63.81%,5.77,,,,,,82,,99,90,86,62,,94,93,,,104,80,0,0,0,9,1,0
156,Lucky Whitehead,WR,DAL,9,,,,,0.7,,3.5,0.2,1.8,1,,1.4,5,1.5,3.2,,,18.3,2.03,1.46,0.57,3.5,71.94%,4.87,,,,,,91,,76,97,77,99,,108,71,108,90,,,0,0,0,9,1,0
134,Donteea Dye,WR,TB,9,,,,,0,,7.7,1.4,1.4,2.1,,,,2.6,5.4,2.5,7.1,30.2,3.36,2.56,0.8,5.91,76.21%,7.75,,,,,,92,,48,93,79,80,,,,96,76,95,66,0,0,0,9,1,0
99,Chris Givens,WR,BAL,14,,1.7,2.4,,0,3.8,3.5,8.7,,13.7,4.5,6,9.8,0,2.5,6.5,0,63.1,4.51,3.92,0.59,8.43,86.97%,9.69,,,101,92,,92,79,76,42,,23,64,69,45,114,98,66,113,0,1,0,13,1,1
200,Vince Mayle,WR,DAL,1,,,,,0,,,,,,,,,,,,,0,0,0,0,0,0.00%,#DIV/0!,,,,,,92,,,,,,,,,,,,,0,0,0,1,1,0
200,Matt Slater,WR,NE,1,,,,,0,,,,,,,,,,,,,0,0,0,0,0,0.00%,#DIV/0!,,,,,,92,,,,,,,,,,,,,0,0,0,1,1,0
149,Myles White,WR,NYG,9,,,,,0,0,,1.8,1.3,3.8,,,1.5,,2,11.4,0,21.8,2.42,3.38,-0.96,5.8,139.51%,4.16,,,,,,92,101,,85,82,71,,,102,,103,36,113,0,0,1,8,1,1
39,Martavis Bryant,WR,PIT,11,,,,,,32.5,14.8,8.9,12.1,27.8,,19,21.4,12,18.7,2,1,170.2,15.47,9.33,6.14,24.8,60.31%,41.12,,,,,,,2,22,40,34,4,,18,11,34,20,97,110,3,3,2,3,1,8
170,Jeff Janis,WR,GB,4,,,,,,9.9,,,,,0,,0,,0,,,9.9,2.48,4.29,-1.81,6.76,173.21%,3.9,,,,,,,45,,,,,95,,112,,114,,,0,0,0,4,1,0
157,Cody Latimer,WR,DEN,6,,,,,,0,,,,6,10.7,1.7,,-0.4,,,0,18,3,4.07,-1.07,7.07,135.77%,5.21,,,,,,,101,,,,52,34,106,,125,,,113,0,0,1,5,1,1
80,Brandon LaFell,WR,NE,11,,,,,,,4.5,8.7,15.2,8.6,10.6,7.6,6.7,8.2,12.8,3.8,2.7,89.4,8.13,3.6,4.53,11.72,44.24%,26.49,,,,,,,,65,42,23,41,35,58,58,51,38,84,92,0,1,1,9,1,2
131,Kenbrell Thompkins,WR,NYJ,6,,,,,,,,10.1,8.5,1.2,,,,,7,6.7,0,33.5,5.58,3.71,1.87,9.29,66.43%,13.98,,,,,,,,,35,49,95,,,,,62,64,113,0,0,1,5,1,1
106,JJ Nelson,WR,ARI,7,,,,,,,,10,,,24.2,7.3,11.4,0,0,,0,52.9,7.56,8.19,-0.63,15.74,108.33%,14.53,,,,,,,,,36,,,3,59,39,114,114,,113,1,0,1,5,1,2
160,Jerome Simpson,WR,SF,5,,,,,,,,6.4,0,,,0,,10,0,,,16.4,3.28,4.18,-0.9,7.46,127.30%,5.86,,,,,,,,,51,88,,,113,,38,114,,,0,0,0,5,1,0
123,Justin Hardy,WR,ATL,9,,,,,,,,4.1,5.7,,1.7,4.1,5.4,1.9,6.6,3.5,7.4,40.4,4.49,1.86,2.63,6.34,41.34%,15.34,,,,,,,,,63,58,,87,79,68,103,66,87,63,0,0,0,9,1,0
189,Eric Weems,WR,ATL,2,,,,,,,,2.1,,,,,,,0.4,,,2.5,1.25,0.85,0.4,2.1,68.00%,3.09,,,,,,,,,82,,,,,,,113,,,0,0,0,2,1,0
149,Bradley Marquez,WR,STL,9,,,,,,,,1.5,1.3,3.9,,4.3,4.6,6.2,0,0,0,21.8,2.42,2.22,0.2,4.64,91.73%,5.06,,,,,,,,,90,82,70,,78,74,64,114,113,113,0,0,0,9,1,0
200,Rico Richardson,WR,TEN,3,,,,,,,,0,,0,0,,,,,,,0,0,0,0,0,0.00%,#DIV/0!,,,,,,,,,98,,101,95,,,,,,,0,0,0,3,1,0
67,DeSean Jackson,WR,WAS,8,,,,,,,,,4.5,6.4,19.7,14.6,18,6.3,27.3,8,,104.8,13.1,7.6,5.5,20.7,58.05%,35.66,,,,,,,,,,62,48,7,33,17,63,7,52,,2,1,1,4,1,4
119,Javontee Herndon,WR,SD,7,,,,,,,,,2.2,,6.7,,5,9.7,8.5,4.6,6.1,42.8,6.11,2.32,3.79,8.44,37.98%,22.22,,,,,,,,,,75,,54,,71,41,54,81,70,0,0,0,7,1,0
205,Joe Webb,WR,CAR,1,,,,,,,,,-0.1,,,,,,,,,-0.1,-0.1,0,-0.1,-0.1,0.00%,#DIV/0!,,,,,,,,,,97,,,,,,,,,0,0,0,1,1,0
206,Marcus Thigpen,WR,OAK,3,,,,,,,,,-2,,,,,-2,-0.1,,,-4.1,-1.37,0.9,-2.26,-0.47,-65.54%,0.72,,,,,,,,,,98,,,,,126,127,,,0,0,0,3,1,0
154,Jared Abbrederis,WR,GB,5,,,,,,,,,,9.7,,,2.6,0,6.3,1.5,,20.1,4.02,3.52,0.5,7.54,87.59%,8.61,,,,,,,,,,,34,,,87,114,70,107,,0,0,1,4,1,1
146,Wes Welker,WR,STL,7,,,,,,,,,,6.2,3.3,3.2,3.5,2.1,,1.3,3.6,23.2,3.31,1.41,1.9,4.73,42.65%,11.09,,,,,,,,,,,49,74,87,80,101,,110,89,0,0,0,7,1,0
179,Paul Richardson,WR,SEA,1,,,,,,,,,,5,,,,,,,,5,5,0,5,5,0.00%,#DIV/0!,,,,,,,,,,,60,,,,,,,,0,0,0,1,1,0
176,TJ Graham,WR,NO,3,,,,,,,,,,4.5,,0.9,1,,,,,6.4,2.13,1.67,0.46,3.81,78.47%,4.86,,,,,,,,,,,66,,112,105,,,,,0,0,0,3,1,0
92,Jeremy Butler,WR,BAL,8,,,,,,,,,,3.1,8.5,5.7,8.3,14.2,9,6.8,11.7,67.3,8.41,3.22,5.19,11.63,38.25%,30.41,,,,,,,,,,,74,46,71,52,28,51,63,38,0,0,1,7,1,1
195,Chris Harper,WR,NE,3,,,,,,,,,,,0,0,,,,,1.6,1.6,0.53,0.75,-0.22,1.29,141.42%,0.91,,,,,,,,,,,,95,113,,,,,102,0,0,0,3,1,0
158,Tyrell Williams,WR,SD,2,,,,,,,,,,,0,,,,,,17,17,8.5,8.5,0,17,100.00%,17,,,,,,,,,,,,95,,,,,,16,0,1,0,1,1,1
174,Kevin Smith,WR,SEA,3,,,,,,,,,,,,3.1,,1.5,,,2.7,7.3,2.43,0.68,1.75,3.11,27.94%,11.13,,,,,,,,,,,,,92,,108,,,92,0,0,0,3,1,0
197,Seyi Ajirotutu,WR,PHI,2,,,,,,,,,,,,1.4,,0,,,,1.4,0.7,0.7,0,1.4,100.00%,1.4,,,,,,,,,,,,,108,,114,,,,0,0,0,2,1,0
165,Hakeem Nicks,WR,NYG,6,,,,,,,,,,,,1.4,1.7,1.5,2,1.4,4.4,12.4,2.07,1.06,1,3.13,51.49%,6.08,,,,,,,,,,,,,108,100,108,103,109,79,0,0,0,6,1,0
166,Jeremy Ross,WR,OAK,5,,,,,4.4,,-0.1,5.1,,-2,,-2,,,,,,5.4,1.08,3.08,-2,4.16,285.53%,1.46,,,,,,65,,106,54,,113,,122,,,,,,0,0,0,5,1,0
142,Darius Jennings,WR,CLE,3,,,,,,,,,,,,,8.5,,,6.7,10.5,25.7,8.57,1.55,7.01,10.12,18.12%,55.85,,,,,,,,,,,,,,51,,,64,45,0,0,0,3,1,0
189,Mario Alford,WR,CIN,1,,,,,,,,,,,,,2.5,,,,,2.5,2.5,0,2.5,2.5,0.00%,#DIV/0!,,,,,,,,,,,,,,89,,,,,0,0,0,1,1,0
187,Jonathan Krause,WR,PHI,2,,,,,,,,,,,,,1.4,,,1.7,,3.1,1.55,0.15,1.4,1.7,9.68%,17.56,,,,,,,,,,,,,,103,,,103,,0,0,0,2,1,0
199,Damaris Johnson,WR,NE,1,,,,,,,,,,,,,0.6,,,,,0.6,0.6,0,0.6,0.6,0.00%,#DIV/0!,,,,,,,,,,,,,,109,,,,,0,0,0,1,1,0
169,Deonte Thompson,WR,CHI,2,,,,,,,,,,,,,,4.6,,,5.5,10.1,5.05,0.45,4.6,5.5,8.91%,61.73,,,,,,,,,,,,,,,78,,,72,0,0,0,2,1,0
180,Andrew Turzilli,WR,TEN,1,,,,,,,,,,,,,,4.5,,,,4.5,4.5,0,4.5,4.5,0.00%,#DIV/0!,,,,,,,,,,,,,,,79,,,,0,0,0,1,1,0
186,Vincent Brown,WR,SD,1,,,,,,,,,,,,,,3.2,,,,3.2,3.2,0,3.2,3.2,0.00%,#DIV/0!,,,,,,,,,,,,,,,85,,,,0,0,0,1,1,0
129,Chris Matthews,WR,BAL,10,1.8,2.3,,3.1,,2.2,,0,,0,,,,3.1,1.6,10.9,9.1,34.1,3.41,3.47,-0.06,6.88,101.79%,6.76,,102,94,,85,,88,,98,,101,,,,89,107,38,55,0,0,0,10,1,0
206,Marcus Thigpen,WR,BUF,3,,,,,,,,,-2,,,,,-2,-0.1,,,-4.1,-1.37,0.9,-2.26,-0.47,-65.54%,0.72,,,,,,,,,,98,,,,,126,127,,,0,0,0,3,1,0
178,Terrelle Pryor,WR,CLE,2,,,,,,,,,,,,,,,-0.1,,5.2,5.1,2.55,2.65,-0.1,5.2,103.92%,5,,,,,,,,,,,,,,,,127,,76,0,0,0,2,1,0
171,Tre McBride,WR,TEN,2,,,,,,,,,,,,,,,,8.8,0.8,9.6,4.8,4,0.8,8.8,83.33%,10.56,,,,,,,,,,,,,,,,,48,111,0,0,0,2,1,0
193,Ben Edwards,WR,NYG,1,,,,,,,,,,,,,,,,1.9,,1.9,1.9,0,1.9,1.9,0.00%,#DIV/0!,,,,,,,,,,,,,,,,,100,,0,0,0,1,1,0
200,Matt Hazel,WR,MIA,1,,,,,,,,,,,,,,,,0,,0,0,0,0,0,0.00%,#DIV/0!,,,,,,,,,,,,,,,,,113,,0,0,0,1,1,0
200,Seantavius Jones,WR,NO,1,,,,,,,,,,,,,,,,0,,0,0,0,0,0,0.00%,#DIV/0!,,,,,,,,,,,,,,,,,113,,0,0,0,1,1,0
175,Greg Salas,WR,BUF,1,,,,,,,,,,,,,,,,,7.1,7.1,7.1,0,7.1,7.1,0.00%,#DIV/0!,,,,,,,,,,,,,,,,,,66,0,0,0,1,1,0
191,Kasen Williams,WR,SEA,1,,,,,,,,,,,,,,,,,2.3,2.3,2.3,0,2.3,2.3,0.00%,#DIV/0!,,,,,,,,,,,,,,,,,,97,0,0,0,1,1,0
196,Brittan Golden,WR,ARI,1,,,,,,,,,,,,,,,,,1.5,1.5,1.5,0,1.5,1.5,0.00%,#DIV/0!,,,,,,,,,,,,,,,,,,105,0,0,0,1,1,0
