Player,Team,Position,Position Rank,Average,Std. Dev.,Total,Weekly Floor,Weekly Ceiling,#Top-12,#13-24,#24-36,#Rest,Position,Avg>StdDev,#Startable,TE Filter,Requirement
Carson Wentz,PHI,QB,1,21.51,5.59,193.60,15.92,27.11,7,2,0,0,1,1,9,0,1
Alex Smith,KC,QB,2,21.00,6.28,189.00,14.72,27.28,7,2,0,0,1,1,9,0,1
Russell Wilson,SEA,QB,3,22.66,9.33,181.30,13.33,31.99,5,3,0,0,1,1,8,0,1
Dak Prescott,DAL,QB,4,21.53,7.26,172.20,14.26,28.79,7,1,0,0,1,1,8,0,1
Deshaun Watson,HOU,QB,5,24.11,9.96,168.80,14.16,34.07,5,1,2,0,1,1,6,0,1
Tom Brady,NE,QB,6,20.31,8.11,162.50,12.20,28.43,6,2,0,0,1,1,8,0,1
Cam Newton,CAR,QB,7,17.02,8.12,153.20,8.90,25.14,4,3,2,0,1,1,7,0,1
Kirk Cousins,WAS,QB,8,17.55,7.55,140.40,10.00,25.10,4,4,0,0,1,1,8,0,1
Drew Brees,NO,QB,9,17.34,3.73,138.70,13.61,21.06,3,5,0,0,1,1,8,0,1
Josh McCown,NYJ,QB,10,15.38,5.42,138.40,9.96,20.80,3,5,1,0,1,1,8,0,1
Matthew Stafford,DET,QB,11,17.18,5.02,137.40,12.15,22.20,4,4,0,0,1,1,8,0,1
Jared Goff,LAR,QB,12,16.74,6.61,133.90,10.13,23.34,3,5,0,0,1,1,8,0,1
Tyrod Taylor,BUF,QB,13,16.51,5.45,132.10,11.07,21.96,4,3,1,0,1,1,7,0,1
Jacoby Brissett,IND,QB,14,14.08,6.98,126.70,7.09,21.06,4,3,2,0,1,1,7,0,1
Philip Rivers,LAC,QB,15,14.90,5.28,119.20,9.62,20.18,5,2,1,0,1,1,7,0,1
Matt Ryan,ATL,QB,16,14.78,3.12,118.20,11.65,17.90,3,4,1,0,1,1,7,0,1
Derek Carr,OAK,QB,17,14.75,7.76,118.00,6.99,22.51,3,3,3,0,1,1,6,0,1
Eli Manning,NYG,QB,18,13.86,6.99,110.90,6.88,20.85,2,3,3,0,1,1,5,0,1
Blake Bortles,JAX,QB,19,13.50,6.71,108.00,6.79,20.21,1,5,2,0,1,1,6,0,1
Aaron Rodgers,GB,QB,20,17.93,8.27,107.60,9.67,26.20,4,1,3,0,1,1,5,0,1
Jameis Winston,TB,QB,21,13.25,8.77,106.00,4.48,22.02,3,2,3,0,1,1,5,0,1
Marcus Mariota,TEN,QB,22,15.09,3.36,105.60,11.73,18.44,1,6,1,0,1,1,7,0,1
Carson Palmer,ARI,QB,23,14.61,6.16,102.30,8.46,20.77,3,3,2,0,1,1,6,0,1
Ben Roethlisberger,PIT,QB,24,12.68,4.46,101.40,8.21,17.14,1,5,2,0,1,1,6,0,1
Andy Dalton,CIN,QB,25,12.35,8.72,98.80,3.63,21.07,2,3,2,1,1,1,5,0,1
Trevor Siemian,DEN,QB,26,13.39,6.60,93.70,6.79,19.99,3,2,3,0,1,1,5,0,1
Case Keenum,MIN,QB,27,11.61,8.06,92.90,3.55,19.67,2,2,4,0,1,1,4,0,1
Jay Cutler,MIA,QB,28,12.03,5.77,84.20,6.26,17.80,1,3,4,0,1,1,4,0,1
Joe Flacco,BAL,QB,29,8.58,5.08,77.20,3.49,13.66,0,5,3,1,1,1,5,1,0
DeShone Kizer,CLE,QB,30,8.04,8.41,64.30,-0.37,16.45,3,0,5,0,1,0,3,0,0
Brian Hoyer,SF,QB,31,10.43,9.98,62.60,0.46,20.41,2,0,6,0,1,1,2,0,0
C.J. Beathard,SF,QB,32,6.19,7.10,55.70,-0.91,13.29,0,4,5,0,1,0,4,1,0
Brett Hundley,GB,QB,33,4.31,6.50,34.50,-2.19,10.81,0,2,6,0,1,0,2,1,0
Kevin Hogan,CLE,QB,34,5.63,5.81,33.80,-0.17,11.44,1,0,7,0,1,0,1,0,0
Mike Glennon,CHI,QB,35,8.40,3.04,33.60,5.36,11.44,0,1,7,0,1,1,1,1,0
Mitchell Trubisky,CHI,QB,36,4.19,4.46,33.50,-0.28,8.65,0,3,5,0,1,0,3,1,0
Ryan Fitzpatrick,TB,QB,37,3.76,7.12,30.10,-3.35,10.88,1,1,6,1,1,0,2,0,0
Sam Bradford,MIN,QB,38,13.45,12.05,26.90,1.40,25.50,1,0,7,0,1,1,1,0,0
Matt Moore,MIA,QB,39,2.06,4.43,16.50,-2.37,6.50,0,1,8,0,1,0,1,1,0
Ryan Griffin,HOU,QB,40,2.34,3.53,16.40,-1.19,5.87,0,1,7,0,1,0,1,1,0
Drew Stanton,ARI,QB,41,1.89,4.66,15.10,-2.78,6.55,0,1,7,0,1,0,1,1,0
EJ Manuel,OAK,QB,42,1.57,3.72,14.10,-2.15,5.28,0,1,8,0,1,0,1,1,0
Ryan Mallett,BAL,QB,43,1.10,2.07,9.90,-0.97,3.17,0,0,9,0,1,0,0,1,0
Tom Savage,HOU,QB,44,1.16,3.68,9.30,-2.51,4.84,0,1,6,1,1,0,1,1,0
Brock Osweiler,DEN,QB,45,1.11,2.72,8.90,-1.61,3.84,0,1,7,0,1,0,1,1,0
Cody Kessler,CLE,QB,46,0.34,0.89,2.70,-0.56,1.23,0,0,8,0,1,0,0,1,0
Matt Cassel,TEN,QB,47,0.30,3.24,2.40,-2.94,3.54,0,0,7,1,1,0,0,1,0
Cooper Rush,DAL,QB,48,0.18,0.46,1.40,-0.29,0.64,0,0,8,0,1,0,0,1,0
Scott Tolzien,IND,QB,49,0.14,0.41,1.30,-0.26,0.55,0,0,9,0,1,0,0,1,0
Derek Anderson,CAR,QB,50,0.08,0.22,0.70,-0.14,0.30,0,0,9,0,1,0,0,1,0
Mike Vick,PIT,QB,51,0.00,0.00,0.00,0.00,0.00,0,0,8,0,1,0,0,1,0
Shaun Hill,MIN,QB,51,0.00,0.00,0.00,0.00,0.00,0,0,7,0,1,0,0,1,0
Tony Romo,DAL,QB,51,0.00,0.00,0.00,0.00,0.00,0,0,8,0,1,0,0,1,0
Matt Schaub,ATL,QB,51,0.00,0.00,0.00,0.00,0.00,0,0,8,0,1,0,0,1,0
Luke McCown,DAL,QB,51,0.00,0.00,0.00,0.00,0.00,0,0,8,0,1,0,0,1,0
Dan Orlovsky,LAR,QB,51,0.00,0.00,0.00,0.00,0.00,0,0,8,0,1,0,0,1,0
Kellen Clemens,LAC,QB,51,0.00,0.00,0.00,0.00,0.00,0,0,8,0,1,0,0,1,0
Tarvaris Jackson,SEA,QB,51,0.00,0.00,0.00,0.00,0.00,0,0,8,0,1,0,0,1,0
Charlie Whitehurst,CLE,QB,51,0.00,0.00,0.00,0.00,0.00,0,0,8,0,1,0,0,1,0
Bruce Gradkowski,PIT,QB,51,0.00,0.00,0.00,0.00,0.00,0,0,8,0,1,0,0,1,0
Josh Johnson,NYG,QB,51,0.00,0.00,0.00,0.00,0.00,0,0,8,0,1,0,0,1,0
Matt Flynn,NO,QB,51,0.00,0.00,0.00,0.00,0.00,0,0,8,0,1,0,0,1,0
Chase Daniel,NO,QB,51,0.00,0.00,0.00,0.00,0.00,0,0,8,0,1,0,0,1,0
Josh Freeman,IND,QB,51,0.00,0.00,0.00,0.00,0.00,0,0,9,0,1,0,0,1,0
Mark Sanchez,CHI,QB,51,0.00,0.00,0.00,0.00,0.00,0,0,8,0,1,0,0,1,0
Jimmy Clausen,BAL,QB,51,0.00,0.00,0.00,0.00,0.00,0,0,9,0,1,0,0,1,0
Colt McCoy,WAS,QB,51,0.00,0.00,0.00,0.00,0.00,0,0,8,0,1,0,0,1,0
Joe Webb,BUF,QB,51,0.00,0.00,0.00,0.00,0.00,0,0,8,0,1,0,0,1,0
Thaddeus Lewis,BAL,QB,51,0.00,0.00,0.00,0.00,0.00,0,0,9,0,1,0,0,1,0
Christian Ponder,SF,QB,51,0.00,0.00,0.00,0.00,0.00,0,0,9,0,1,0,0,1,0
Blaine Gabbert,ARI,QB,51,0.00,0.00,0.00,0.00,0.00,0,0,8,0,1,0,0,1,0
Colin Kaepernick,SF,QB,51,0.00,0.00,0.00,0.00,0.00,0,0,9,0,1,0,0,1,0
T.J. Yates,BUF,QB,51,0.00,0.00,0.00,0.00,0.00,0,0,8,0,1,0,0,1,0
Jerrod Johnson,DAL,QB,51,0.00,0.00,0.00,0.00,0.00,0,0,8,0,1,0,0,1,0
Andrew Luck,IND,QB,51,0.00,0.00,0.00,0.00,0.00,0,0,9,0,1,0,0,1,0
Robert Griffin III,CLE,QB,51,0.00,0.00,0.00,0.00,0.00,0,0,8,0,1,0,0,1,0
Brandon Weeden,TEN,QB,51,0.00,0.00,0.00,0.00,0.00,0,0,8,0,1,0,0,1,0
Kellen Moore,DAL,QB,51,0.00,0.00,0.00,0.00,0.00,0,0,8,0,1,0,0,1,0
Ryan Lindley,IND,QB,51,0.00,0.00,0.00,0.00,0.00,0,0,9,0,1,0,0,1,0
Matt Simms,ATL,QB,51,0.00,0.00,0.00,0.00,0.00,0,0,8,0,1,0,0,1,0
Alex Tanney,TEN,QB,51,0.00,0.00,0.00,0.00,0.00,0,0,8,0,1,0,0,1,0
Ryan Nassib,JAX,QB,51,0.00,0.00,0.00,0.00,0.00,0,0,8,0,1,0,0,1,0
Sean Renfree,ATL,QB,51,0.00,0.00,0.00,0.00,0.00,0,0,8,0,1,0,0,1,0
Landry Jones,PIT,QB,51,0.00,0.00,0.00,0.00,0.00,0,0,8,0,1,0,0,1,0
Zac Dysert,ARI,QB,51,0.00,0.00,0.00,0.00,0.00,0,0,8,0,1,0,0,1,0
Matt Barkley,SF,QB,51,0.00,0.00,0.00,0.00,0.00,0,0,9,0,1,0,0,1,0
Tyler Bray,KC,QB,51,0.00,0.00,0.00,0.00,0.00,0,0,9,0,1,0,0,1,0
Matt McGloin,PHI,QB,51,0.00,0.00,0.00,0.00,0.00,0,0,9,0,1,0,0,1,0
Teddy Bridgewater,MIN,QB,51,0.00,0.00,0.00,0.00,0.00,0,0,7,0,1,0,0,1,0
Johnny Manziel,CLE,QB,51,0.00,0.00,0.00,0.00,0.00,0,0,8,0,1,0,0,1,0
Jimmy Garoppolo,SF,QB,51,0.00,0.00,0.00,0.00,0.00,0,0,9,0,1,0,0,1,0
AJ McCarron,CIN,QB,51,0.00,0.00,0.00,0.00,0.00,0,0,8,0,1,0,0,1,0
Tajh Boyd,PIT,QB,51,0.00,0.00,0.00,0.00,0.00,0,0,8,0,1,0,0,1,0
Zach Mettenberger,PIT,QB,51,0.00,0.00,0.00,0.00,0.00,0,0,8,0,1,0,0,1,0
Keith Wenning,BUF,QB,51,0.00,0.00,0.00,0.00,0.00,0,0,8,0,1,0,0,1,0
Aaron Murray,KC,QB,51,0.00,0.00,0.00,0.00,0.00,0,0,9,0,1,0,0,1,0
Matt Blanchard,CHI,QB,51,0.00,0.00,0.00,0.00,0.00,0,0,8,0,1,0,0,1,0
Dustin Vaughan,BAL,QB,51,0.00,0.00,0.00,0.00,0.00,0,0,9,0,1,0,0,1,0
Connor Shaw,CHI,QB,51,0.00,0.00,0.00,0.00,0.00,0,0,8,0,1,0,0,1,0
Bryce Petty,NYJ,QB,51,0.00,0.00,0.00,0.00,0.00,0,0,9,0,1,0,0,1,0
Dylan Thompson,LAR,QB,51,0.00,0.00,0.00,0.00,0.00,0,0,8,0,1,0,0,1,0
Garrett Grayson,NO,QB,51,0.00,0.00,0.00,0.00,0.00,0,0,8,0,1,0,0,1,0
Paxton Lynch,DEN,QB,51,0.00,0.00,0.00,0.00,0.00,0,0,8,0,1,0,0,1,0
Christian Hackenberg,NYJ,QB,51,0.00,0.00,0.00,0.00,0.00,0,0,9,0,1,0,0,1,0
Connor Cook,OAK,QB,51,0.00,0.00,0.00,0.00,0.00,0,0,9,0,1,0,0,1,0
Cardale Jones,LAC,QB,51,0.00,0.00,0.00,0.00,0.00,0,0,8,0,1,0,0,1,0
Nate Sudfeld,WAS,QB,51,0.00,0.00,0.00,0.00,0.00,0,0,8,0,1,0,0,1,0
Jake Rudock,DET,QB,51,0.00,0.00,0.00,0.00,0.00,0,0,8,0,1,0,0,1,0
Brandon Allen,LAR,QB,51,0.00,0.00,0.00,0.00,0.00,0,0,8,0,1,0,0,1,0
Jeff Driskel,CIN,QB,51,0.00,0.00,0.00,0.00,0.00,0,0,8,0,1,0,0,1,0
Trevone Boykin,SEA,QB,51,0.00,0.00,0.00,0.00,0.00,0,0,8,0,1,0,0,1,0
Taylor Heinicke,MIN,QB,51,0.00,0.00,0.00,0.00,0.00,0,0,7,0,1,0,0,1,0
Stephen Morris,IND,QB,51,0.00,0.00,0.00,0.00,0.00,0,0,9,0,1,0,0,1,0
Joe Callahan,GB,QB,51,0.00,0.00,0.00,0.00,0.00,0,0,8,0,1,0,0,1,0
Brad Kaaya,DET,QB,51,0.00,0.00,0.00,0.00,0.00,0,0,8,0,1,0,0,1,0
Chad Kelly,DEN,QB,51,0.00,0.00,0.00,0.00,0.00,0,0,8,0,1,0,0,1,0
Patrick Mahomes,KC,QB,51,0.00,0.00,0.00,0.00,0.00,0,0,9,0,1,0,0,1,0
Joshua Dobbs,PIT,QB,51,0.00,0.00,0.00,0.00,0.00,0,0,8,0,1,0,0,1,0
Nathan Peterman,BUF,QB,51,0.00,0.00,0.00,0.00,0.00,0,0,8,0,1,0,0,1,0
Davis Webb,NYG,QB,51,0.00,0.00,0.00,0.00,0.00,0,0,8,0,1,0,0,1,0
Taysom Hill,NO,QB,51,0.00,0.00,0.00,0.00,0.00,0,0,8,0,1,0,0,1,0
Dan LeFevour,TB,QB,51,0.00,0.00,0.00,0.00,0.00,0,0,9,0,1,0,0,1,0
Ryan Tannehill,MIA,QB,51,0.00,0.00,0.00,0.00,0.00,0,0,9,0,1,0,0,1,0
David Fales,MIA,QB,51,0.00,0.00,0.00,0.00,0.00,0,0,9,0,1,0,0,1,0
Brandon Doughty,MIA,QB,51,0.00,0.00,0.00,0.00,0.00,0,0,9,0,1,0,0,1,0
Geno Smith,NYG,QB,126,-0.01,0.03,-0.10,-0.05,0.02,0,0,7,1,1,0,0,1,0
Austin Davis,SEA,QB,126,-0.01,0.03,-0.10,-0.05,0.02,0,0,7,1,1,0,0,1,0
Chad Henne,JAX,QB,128,-0.04,0.10,-0.30,-0.14,0.06,0,0,7,1,1,0,0,1,0
Sean Mannion,LAR,QB,129,-0.05,0.07,-0.40,-0.12,0.02,0,0,5,3,1,0,0,1,0
Nick Foles,PHI,QB,130,-0.10,0.22,-0.90,-0.32,0.12,0,0,7,2,1,0,0,1,0
Todd Gurley,LAR,RB,1,23.43,10.02,187.40,13.40,33.45,6,1,0,1,2,1,7,0,1
Kareem Hunt,KC,RB,2,19.90,10.54,179.10,9.36,30.44,4,4,1,0,2,1,9,0,1
Ezekiel Elliott,DAL,RB,3,21.29,10.08,170.30,11.21,31.36,6,1,0,1,2,1,7,0,1
Le'Veon Bell,PIT,RB,4,20.11,8.07,160.90,12.04,28.18,5,2,0,1,2,1,7,0,1
Melvin Gordon,LAC,RB,5,19.26,11.00,154.10,8.26,30.26,5,1,0,2,2,1,6,0,1
Carlos Hyde,SF,RB,6,15.58,6.82,140.20,8.76,22.40,4,3,1,1,2,1,8,0,1
LeSean McCoy,BUF,RB,7,16.60,8.28,132.80,8.32,24.88,4,2,1,1,2,1,7,0,1
Chris Thompson,WAS,RB,8,16.43,8.65,131.40,7.77,25.08,5,1,1,1,2,1,7,0,1
Alvin Kamara,NO,RB,9,16.40,7.63,131.20,8.77,24.03,4,2,1,1,2,1,7,0,1
Leonard Fournette,JAX,RB,10,21.70,5.51,130.20,16.19,27.21,4,2,0,2,2,1,6,0,1
Christian McCaffrey,CAR,RB,11,14.32,5.16,128.90,9.16,19.49,3,4,2,0,2,1,9,0,1
Mark Ingram,NO,RB,12,15.29,6.79,122.30,8.50,22.07,3,1,4,0,2,1,8,0,1
Lamar Miller,HOU,RB,13,14.51,6.82,116.10,7.69,21.33,2,5,0,1,2,1,7,0,1
Devonta Freeman,ATL,RB,14,14.24,5.77,113.90,8.47,20.00,2,4,1,1,2,1,7,0,1
Javorius Allen,BAL,RB,15,12.62,5.34,113.60,7.28,17.96,3,1,3,2,2,1,7,0,1
Jordan Howard,CHI,RB,16,13.73,8.67,109.80,5.06,22.39,3,2,1,2,2,1,6,0,1
Duke Johnson Jr.,CLE,RB,17,13.00,6.28,104.00,6.72,19.28,3,1,2,2,2,1,6,0,1
Jerick McKinnon,MIN,RB,18,12.38,10.89,99.00,1.48,23.27,3,0,1,4,2,1,4,0,1
James White,NE,RB,19,12.19,4.25,97.50,7.94,16.44,2,3,2,1,2,1,7,0,1
Frank Gore,IND,RB,20,9.89,3.13,89.00,6.76,13.02,0,4,3,2,2,1,7,0,1
Matt Forte,NYJ,RB,21,12.47,6.78,87.30,5.69,19.25,1,4,0,4,2,1,5,0,1
Tarik Cohen,CHI,RB,22,10.88,6.47,87.00,4.40,17.35,1,2,3,2,2,1,6,0,1
Tevin Coleman,ATL,RB,23,10.70,4.33,85.60,6.37,15.03,0,3,4,1,2,1,7,0,1
Bilal Powell,NYJ,RB,24,10.38,7.52,83.00,2.86,17.89,1,0,6,2,2,1,7,0,1
C.J. Anderson,DEN,RB,25,10.16,8.73,81.30,1.43,18.89,1,1,3,3,2,1,5,0,1
DeMarco Murray,TEN,RB,26,10.08,5.43,80.60,4.64,15.51,2,1,3,2,2,1,6,0,1
Jay Ajayi,MIA,RB,27,9.86,3.45,78.90,6.41,13.32,0,4,2,2,2,1,6,0,1
Joe Mixon,CIN,RB,28,9.85,3.04,78.80,6.81,12.89,0,4,1,3,2,1,5,0,1
LeGarrette Blount,PHI,RB,29,8.54,4.93,76.90,3.61,13.48,0,4,2,3,2,1,6,0,1
Ty Montgomery,GB,RB,30,10.97,9.32,76.80,1.65,20.29,2,1,1,4,2,1,4,0,1
Chris Ivory,JAX,RB,31,9.33,5.70,74.60,3.63,15.02,1,1,2,4,2,1,4,0,1
Ameer Abdullah,DET,RB,32,9.31,4.62,74.50,4.70,13.93,1,1,2,4,2,1,4,0,1
Isaiah Crowell,CLE,RB,33,9.29,4.77,74.30,4.52,14.06,1,1,3,3,2,1,5,0,1
Theo Riddick,DET,RB,34,8.59,3.47,68.70,5.12,12.06,0,2,3,3,2,1,5,0,1
Marshawn Lynch,OAK,RB,35,7.41,6.41,66.70,1.00,13.82,1,2,1,5,2,1,4,0,1
Dalvin Cook,MIN,RB,36,16.35,7.29,65.40,9.06,23.64,2,0,2,4,2,1,4,0,1
Derrick Henry,TEN,RB,37,8.03,7.02,64.20,1.00,15.05,2,1,0,5,2,1,3,0,1
Aaron Jones,GB,RB,38,7.80,8.69,62.40,-0.89,16.49,2,0,1,5,2,0,3,0,0
Andre Ellington,ARI,RB,39,8.86,6.58,62.00,2.28,15.43,2,1,0,5,2,1,3,0,1
Marlon Mack,IND,RB,40,6.69,6.29,60.20,0.39,12.98,1,3,0,5,2,1,4,0,1
Jalen Richard,OAK,RB,41,6.57,5.33,59.10,1.23,11.90,1,1,1,6,2,1,3,0,1
Mike Gillislee,NE,RB,42,7.19,6.59,57.50,0.60,13.77,1,1,0,6,2,1,2,0,0
Adrian Peterson,ARI,RB,43,8.13,8.64,56.90,-0.51,16.77,2,0,0,5,2,0,2,0,0
DeAndre Washington,OAK,RB,44,6.21,6.47,55.90,-0.26,12.68,1,1,0,7,2,0,2,0,0
Corey Clement,PHI,RB,45,6.20,7.54,55.80,-1.34,13.74,1,0,2,6,2,0,3,0,0
Orleans Darkwa,NYG,RB,46,6.94,5.05,55.50,1.88,11.99,0,2,2,4,2,1,4,0,1
Dion Lewis,NE,RB,47,6.86,3.28,54.90,3.58,10.15,0,1,3,4,2,1,4,0,1
Alex Collins,BAL,RB,48,6.04,4.38,54.40,1.66,10.43,1,0,1,7,2,1,2,0,0
Jonathan Stewart,CAR,RB,49,5.71,5.04,51.40,0.67,10.75,1,0,2,6,2,1,3,0,1
Matt Breida,SF,RB,50,5.61,4.43,50.50,1.18,10.04,1,1,0,7,2,1,2,0,0
Giovani Bernard,CIN,RB,51,6.26,5.52,50.10,0.74,11.79,0,1,2,5,2,1,3,0,1
Doug Martin,TB,RB,52,9.96,5.38,49.80,4.58,15.34,1,1,2,4,2,1,4,0,1
Charcandrick West,KC,RB,53,5.36,4.99,48.20,0.37,10.34,1,0,2,6,2,1,3,0,1
Shane Vereen,NYG,RB,54,5.91,3.98,47.30,1.93,9.89,0,1,2,5,2,1,3,0,1
Jamaal Charles,DEN,RB,55,5.71,3.08,45.70,2.64,8.79,0,1,1,6,2,1,2,0,0
Austin Ekeler,LAC,RB,56,5.55,5.19,44.40,0.36,10.74,0,2,0,6,2,1,2,0,0
Wendell Smallwood,PHI,RB,57,5.81,5.56,40.70,0.25,11.37,0,1,1,7,2,1,2,0,0
Latavius Murray,MIN,RB,58,5.08,5.15,40.60,-0.08,10.23,1,0,0,7,2,0,1,0,0
Elijah McGuire,NYJ,RB,59,4.46,6.18,40.10,-1.73,10.64,1,0,0,8,2,0,1,0,0
Rob Kelley,WAS,RB,60,6.63,3.85,39.80,2.78,10.48,0,1,2,5,2,1,3,0,1
Chris Carson,SEA,RB,61,7.94,4.63,39.70,3.31,12.57,0,1,2,5,2,1,3,0,1
Devontae Booker,DEN,RB,62,4.83,5.31,38.60,-0.49,10.14,0,2,0,6,2,0,2,0,0
Mike Tolbert,BUF,RB,63,4.81,3.18,38.50,1.64,7.99,0,1,0,7,2,1,1,0,0
Wayne Gallman,NYG,RB,64,4.80,5.18,38.40,-0.38,9.98,0,1,1,6,2,0,2,0,0
J.D. McKissic,SEA,RB,65,4.78,6.08,38.20,-1.30,10.85,1,0,0,7,2,0,1,0,0
Rex Burkhead,NE,RB,66,7.44,5.91,37.20,1.53,13.35,0,2,0,6,2,1,2,0,0
Malcolm Brown,LAR,RB,67,4.43,2.86,35.40,1.57,7.28,0,0,1,7,2,1,1,0,0
Damien Williams,MIA,RB,68,4.29,5.53,34.30,-1.24,9.81,1,0,0,7,2,0,1,0,0
Jacquizz Rodgers,TB,RB,69,4.24,4.97,33.90,-0.73,9.21,0,1,1,6,2,0,2,0,0
D'Onta Foreman,HOU,RB,70,4.03,3.23,32.20,0.79,7.26,0,0,1,7,2,1,1,0,0
Charles Sims,TB,RB,71,3.73,2.94,29.80,0.78,6.67,0,0,2,6,2,1,2,0,0
Samaje Perine,WAS,RB,72,3.69,4.56,29.50,-0.88,8.25,0,1,0,7,2,0,1,0,0
Terrance West,BAL,RB,73,5.62,6.29,28.10,-0.67,11.91,0,2,0,7,2,0,2,0,0
T.J. Yeldon,JAX,RB,74,3.36,7.14,26.90,-3.77,10.50,1,0,0,7,2,0,1,0,0
Robert Turbin,IND,RB,75,2.88,2.79,25.90,0.09,5.67,0,0,1,8,2,1,1,0,0
Kyle Juszczyk,SF,RB,76,2.70,3.18,24.30,-0.48,5.88,0,0,1,8,2,0,1,0,0
Kenyan Drake,MIA,RB,77,2.83,5.26,22.60,-2.43,8.08,1,0,0,7,2,0,1,0,0
Benny Cunningham,CHI,RB,78,2.70,4.17,21.60,-1.47,6.87,0,1,0,7,2,0,1,0,0
Chris Johnson,ARI,RB,79,2.59,3.10,20.70,-0.52,5.69,0,0,1,7,2,0,1,0,0
Corey Grant,JAX,RB,80,2.43,3.30,19.40,-0.87,5.72,0,0,1,7,2,0,1,0,0
Kerwynn Williams,ARI,RB,81,2.39,2.61,19.10,-0.23,5.00,0,0,1,7,2,0,1,0,0
Eddie Lacy,SEA,RB,82,2.38,2.34,19.00,0.03,4.72,0,0,0,8,2,1,0,0,0
Thomas Rawls,SEA,RB,82,2.38,3.24,19.00,-0.86,5.61,0,0,1,7,2,0,1,0,0
Darren Sproles,PHI,RB,84,8.65,0.85,17.30,7.80,9.50,0,0,2,7,2,1,2,0,0
Jeremy Hill,CIN,RB,85,2.15,1.39,17.20,0.76,3.54,0,0,0,8,2,1,0,0,0
Jamaal Williams,GB,RB,85,2.15,3.52,17.20,-1.37,5.67,0,1,0,7,2,0,1,0,0
C.J. Prosise,SEA,RB,87,5.57,3.81,16.70,1.76,9.37,0,0,1,7,2,1,1,0,0
Paul Perkins,NYG,RB,88,2.08,2.15,16.60,-0.07,4.22,0,0,0,8,2,0,0,0,0
Tommy Bohanon,JAX,RB,89,2.04,2.24,16.30,-0.21,4.28,0,0,0,8,2,0,0,0,0
Alfred Morris,DAL,RB,90,1.69,2.47,13.50,-0.78,4.16,0,0,0,8,2,0,0,0,0
Fozzy Whittaker,CAR,RB,91,1.49,3.88,13.40,-2.39,5.37,0,0,1,8,2,0,1,0,0
Branden Oliver,LAC,RB,92,1.64,2.39,13.10,-0.75,4.03,0,0,0,8,2,0,0,0,0
David Johnson,ARI,RB,93,13.00,0.00,13.00,13.00,13.00,0,1,0,7,2,1,1,0,0
Tyler Ervin,HOU,RB,93,1.63,2.42,13.00,-0.79,4.04,0,0,0,8,2,0,0,0,0
C.J. Ham,MIN,RB,95,1.58,1.98,12.60,-0.41,3.56,0,0,0,8,2,0,0,0,0
Peyton Barber,TB,RB,96,1.54,2.69,12.30,-1.15,4.23,0,0,1,7,2,0,1,0,0
Rod Smith,DAL,RB,97,1.40,2.51,11.20,-1.11,3.91,0,0,1,7,2,0,1,0,0
Jamize Olawale,OAK,RB,98,1.23,2.11,11.10,-0.87,3.34,0,0,0,9,2,0,0,0,0
Bobby Rainey,BAL,RB,99,1.01,2.86,9.10,-1.85,3.87,0,0,1,8,2,0,1,0,0
James Conner,PIT,RB,100,1.11,0.81,8.90,0.30,1.92,0,0,0,8,2,1,0,0,0
Tre Madden,SEA,RB,101,1.06,2.49,8.50,-1.43,3.55,0,0,1,7,2,0,1,0,0
Kenjon Barner,PHI,RB,102,0.93,1.25,8.40,-0.31,2.18,0,0,0,9,2,0,0,0,0
Zach Zenner,DET,RB,103,0.95,2.33,7.60,-1.38,3.28,0,0,0,8,2,0,0,0,0
Aaron Ripkowski,GB,RB,104,0.91,0.90,7.30,0.02,1.81,0,0,0,8,2,1,0,0,0
Danny Woodhead,BAL,RB,105,6.70,0.00,6.70,6.70,6.70,0,0,0,9,2,1,0,0,0
Matthew Dayes,CLE,RB,106,0.79,1.34,6.30,-0.55,2.12,0,0,0,8,2,0,0,0,0
Jalston Fowler,TEN,RB,107,0.79,2.08,6.30,-1.30,2.87,0,0,0,8,2,0,0,0,0
Travaris Cadet,NYJ,RB,108,0.66,1.85,5.90,-1.20,2.51,0,0,0,9,2,0,0,0,0
Dwayne Washington,DET,RB,109,1.45,1.00,5.80,0.45,2.45,0,0,0,8,2,1,0,0,0
Mack Brown,MIN,RB,110,0.71,1.13,5.00,-0.42,1.85,0,0,0,7,2,0,0,0,0
James Develin,NE,RB,110,0.63,1.17,5.00,-0.55,1.80,0,0,0,8,2,0,0,0,0
Derrick Coleman,ATL,RB,112,0.50,0.87,4.00,-0.37,1.37,0,0,0,8,2,0,0,0,0
Andy Janovich,DEN,RB,113,0.49,1.22,3.90,-0.73,1.70,0,0,0,8,2,0,0,0,0
Jay Prosch,HOU,RB,114,0.49,0.95,3.90,-0.46,1.43,0,0,0,8,2,0,0,0,0
Alfred Blue,HOU,RB,115,0.41,0.75,3.30,-0.34,1.16,0,0,0,8,2,0,0,0,0
Ryan Hewitt,CIN,RB,116,0.33,0.86,2.60,-0.53,1.18,0,0,0,8,2,0,0,0,0
Michael Burton,CHI,RB,117,0.31,0.61,2.50,-0.29,0.92,0,0,0,8,2,0,0,0,0
Cameron Artis-Payne,CAR,RB,118,0.26,0.62,2.30,-0.37,0.88,0,0,0,9,2,0,0,0,0
David Fluellen,TEN,RB,119,0.26,0.59,2.10,-0.33,0.85,0,0,0,8,2,0,0,0,0
Anthony Sherman,KC,RB,119,0.23,0.66,2.10,-0.43,0.89,0,0,0,9,2,0,0,0,0
Taiwan Jones,BUF,RB,119,0.26,0.69,2.10,-0.43,0.96,0,0,0,8,2,0,0,0,0
Elijhaa Penny,ARI,RB,122,0.21,0.53,1.70,-0.31,0.74,0,0,0,8,2,0,0,0,0
Dan Vitale,CLE,RB,123,0.19,0.53,1.70,-0.35,0.72,0,0,0,9,2,0,0,0,0
Matt Jones,IND,RB,124,0.16,0.35,1.40,-0.19,0.50,0,0,0,9,2,0,0,0,0
Akeem Hunt,KC,RB,124,0.16,0.35,1.40,-0.19,0.50,0,0,0,9,2,0,0,0,0
Patrick DiMarco,BUF,RB,126,0.16,0.51,1.30,-0.35,0.67,0,0,0,8,2,0,0,0,0
Raheem Mostert,SF,RB,127,0.11,0.61,1.00,-0.50,0.72,0,0,0,9,2,0,0,0,0
Terrell Watson,PIT,RB,128,0.10,0.12,0.80,-0.02,0.22,0,0,0,8,2,0,0,0,0
Josh Ferguson,IND,RB,129,0.06,0.16,0.50,-0.10,0.21,0,0,0,9,2,0,0,0,0
Zach Line,NO,RB,130,0.05,0.13,0.40,-0.08,0.18,0,0,0,8,2,0,0,0,0
John Kuhn,NO,RB,131,0.03,0.07,0.20,-0.04,0.09,0,0,0,8,2,0,0,0,0
Justin Davis,LAR,RB,132,0.01,0.03,0.10,-0.02,0.05,0,0,0,8,2,0,0,0,0
De'Angelo Henderson,DEN,RB,132,0.01,0.03,0.10,-0.02,0.05,0,0,0,8,2,0,0,0,0
Steven Jackson,NE,RB,134,0.00,0.00,0.00,0.00,0.00,0,0,0,8,2,0,0,0,0
Reggie Bush,BUF,RB,134,0.00,0.00,0.00,0.00,0.00,0,0,0,8,2,0,0,0,0
DeAngelo Williams,PIT,RB,134,0.00,0.00,0.00,0.00,0.00,0,0,0,8,2,0,0,0,0
Fred Jackson,SEA,RB,134,0.00,0.00,0.00,0.00,0.00,0,0,0,8,2,0,0,0,0
Ahmad Bradshaw,IND,RB,134,0.00,0.00,0.00,0.00,0.00,0,0,0,9,2,0,0,0,0
Pierre Thomas,WAS,RB,134,0.00,0.00,0.00,0.00,0.00,0,0,0,8,2,0,0,0,0
Darren McFadden,DAL,RB,134,0.00,0.00,0.00,0.00,0.00,0,0,0,8,2,0,0,0,0
Jerome Felton,BUF,RB,134,0.00,0.00,0.00,0.00,0.00,0,0,0,8,2,0,0,0,0
Tim Hightower,SF,RB,134,0.00,0.00,0.00,0.00,0.00,0,0,0,9,2,0,0,0,0
Justin Forsett,DEN,RB,134,0.00,0.00,0.00,0.00,0.00,0,0,0,8,2,0,0,0,0
Marcel Reece,SEA,RB,134,0.00,0.00,0.00,0.00,0.00,0,0,0,8,2,0,0,0,0
Donald Brown,NE,RB,134,0.00,0.00,0.00,0.00,0.00,0,0,0,8,2,0,0,0,0
Rashad Jennings,NYG,RB,134,0.00,0.00,0.00,0.00,0.00,0,0,0,8,2,0,0,0,0
Cedric Peerman,CIN,RB,134,0.00,0.00,0.00,0.00,0.00,0,0,0,8,2,0,0,0,0
Marcus Thigpen,BUF,RB,134,0.00,0.00,0.00,0.00,0.00,0,0,0,8,2,0,0,0,0
Darrel Young,CAR,RB,134,0.00,0.00,0.00,0.00,0.00,0,0,0,9,2,0,0,0,0
C.J. Spiller,KC,RB,134,0.00,0.00,0.00,0.00,0.00,0,0,0,9,2,0,0,0,0
Ryan Mathews,PHI,RB,134,0.00,0.00,0.00,0.00,0.00,0,0,0,9,2,0,0,0,0
Dexter McCluster,LAC,RB,134,0.00,0.00,0.00,0.00,0.00,0,0,0,8,2,0,0,0,0
Ben Tate,PIT,RB,134,0.00,0.00,0.00,0.00,0.00,0,0,0,8,2,0,0,0,0
Toby Gerhart,JAX,RB,134,0.00,0.00,0.00,0.00,0.00,0,0,0,8,2,0,0,0,0
Boobie Dixon,BUF,RB,134,0.00,0.00,0.00,0.00,0.00,0,0,0,8,2,0,0,0,0
James Starks,GB,RB,134,0.00,0.00,0.00,0.00,0.00,0,0,0,8,2,0,0,0,0
Joique Bell,DET,RB,134,0.00,0.00,0.00,0.00,0.00,0,0,0,8,2,0,0,0,0
Tyler Clutts,DAL,RB,134,0.00,0.00,0.00,0.00,0.00,0,0,0,8,2,0,0,0,0
Stevan Ridley,MIN,RB,134,0.00,0.00,0.00,0.00,0.00,0,0,0,7,2,0,0,0,0
Ryan Williams,DAL,RB,134,0.00,0.00,0.00,0.00,0.00,0,0,0,8,2,0,0,0,0
Kendall Hunter,NO,RB,134,0.00,0.00,0.00,0.00,0.00,0,0,0,8,2,0,0,0,0
Jordan Todman,HOU,RB,134,0.00,0.00,0.00,0.00,0.00,0,0,0,8,2,0,0,0,0
Roy Helu Jr.,OAK,RB,134,0.00,0.00,0.00,0.00,0.00,0,0,0,9,2,0,0,0,0
DuJuan Harris,JAX,RB,134,0.00,0.00,0.00,0.00,0.00,0,0,0,8,2,0,0,0,0
Matt Asiata,DET,RB,134,0.00,0.00,0.00,0.00,0.00,0,0,0,8,2,0,0,0,0
Shaun Draughn,NYG,RB,134,0.00,0.00,0.00,0.00,0.00,0,0,0,8,2,0,0,0,0
Chase Reynolds,LAR,RB,134,0.00,0.00,0.00,0.00,0.00,0,0,0,8,2,0,0,0,0
Will Johnson,NYG,RB,134,0.00,0.00,0.00,0.00,0.00,0,0,0,8,2,0,0,0,0
Trent Richardson,BAL,RB,134,0.00,0.00,0.00,0.00,0.00,0,0,0,9,2,0,0,0,0
Chris Polk,HOU,RB,134,0.00,0.00,0.00,0.00,0.00,0,0,0,8,2,0,0,0,0
Bernard Pierce,DEN,RB,134,0.00,0.00,0.00,0.00,0.00,0,0,0,8,2,0,0,0,0
Ronnie Hillman,DAL,RB,134,0.00,0.00,0.00,0.00,0.00,0,0,0,8,2,0,0,0,0
Cyrus Gray,ATL,RB,134,0.00,0.00,0.00,0.00,0.00,0,0,0,8,2,0,0,0,0
Vick Ballard,NO,RB,134,0.00,0.00,0.00,0.00,0.00,0,0,0,8,2,0,0,0,0
Daniel Herron,BUF,RB,134,0.00,0.00,0.00,0.00,0.00,0,0,0,8,2,0,0,0,0
Bryce Brown,SEA,RB,134,0.00,0.00,0.00,0.00,0.00,0,0,0,8,2,0,0,0,0
Daryl Richardson,IND,RB,134,0.00,0.00,0.00,0.00,0.00,0,0,0,9,2,0,0,0,0
Cory Harkey,LAR,RB,134,0.00,0.00,0.00,0.00,0.00,0,0,0,8,2,0,0,0,0
Joe Banyard,BUF,RB,134,0.00,0.00,0.00,0.00,0.00,0,0,0,8,2,0,0,0,0
Jonas Gray,JAX,RB,134,0.00,0.00,0.00,0.00,0.00,0,0,0,8,2,0,0,0,0
Lance Dunbar,LAR,RB,134,0.00,0.00,0.00,0.00,0.00,0,0,0,8,2,0,0,0,0
Brandon Bolden,NE,RB,134,0.00,0.00,0.00,0.00,0.00,0,0,0,8,2,0,0,0,0
Jonathan Grimes,JAX,RB,134,0.00,0.00,0.00,0.00,0.00,0,0,0,8,2,0,0,0,0
Knile Davis,PIT,RB,134,0.00,0.00,0.00,0.00,0.00,0,0,0,8,2,0,0,0,0
Christine Michael,IND,RB,134,0.00,0.00,0.00,0.00,0.00,0,0,0,9,2,0,0,0,0
Denard Robinson,JAX,RB,134,0.00,0.00,0.00,0.00,0.00,0,0,0,8,2,0,0,0,0
Mike James,DET,RB,134,0.00,0.00,0.00,0.00,0.00,0,0,0,8,2,0,0,0,0
Stepfan Taylor,ARI,RB,134,0.00,0.00,0.00,0.00,0.00,0,0,0,8,2,0,0,0,0
Zac Stacy,NYJ,RB,134,0.00,0.00,0.00,0.00,0.00,0,0,0,9,2,0,0,0,0
Spencer Ware,KC,RB,134,0.00,0.00,0.00,0.00,0.00,0,0,0,9,2,0,0,0,0
Kendall Gaskins,SF,RB,134,0.00,0.00,0.00,0.00,0.00,0,0,0,9,2,0,0,0,0
Steven Miller,DET,RB,134,0.00,0.00,0.00,0.00,0.00,0,0,0,8,2,0,0,0,0
George Winn,IND,RB,134,0.00,0.00,0.00,0.00,0.00,0,0,0,9,2,0,0,0,0
Khiry Robinson,NYJ,RB,134,0.00,0.00,0.00,0.00,0.00,0,0,0,9,2,0,0,0,0
Dri Archer,BUF,RB,134,0.00,0.00,0.00,0.00,0.00,0,0,0,8,2,0,0,0,0
Tre Mason,LAR,RB,134,0.00,0.00,0.00,0.00,0.00,0,0,0,8,2,0,0,0,0
Bishop Sankey,MIN,RB,134,0.00,0.00,0.00,0.00,0.00,0,0,0,7,2,0,0,0,0
Tyler Gaffney,JAX,RB,134,0.00,0.00,0.00,0.00,0.00,0,0,0,8,2,0,0,0,0
Lache Seastrunk,NYJ,RB,134,0.00,0.00,0.00,0.00,0.00,0,0,0,9,2,0,0,0,0
Andre Williams,LAC,RB,134,0.00,0.00,0.00,0.00,0.00,0,0,0,8,2,0,0,0,0
Ka'Deem Carey,CHI,RB,134,0.00,0.00,0.00,0.00,0.00,0,0,0,7,2,0,0,0,0
Lorenzo Taliaferro,BAL,RB,134,0.00,0.00,0.00,0.00,0.00,0,0,0,9,2,0,0,0,0
Marion Grice,ARI,RB,134,0.00,0.00,0.00,0.00,0.00,0,0,0,8,2,0,0,0,0
Juwan Thompson,DEN,RB,134,0.00,0.00,0.00,0.00,0.00,0,0,0,8,2,0,0,0,0
Kapri Bibbs,SF,RB,134,0.00,0.00,0.00,0.00,0.00,0,0,0,9,2,0,0,0,0
Antonio Andrews,TEN,RB,134,0.00,0.00,0.00,0.00,0.00,0,0,0,8,2,0,0,0,0
Darrin Reaves,KC,RB,134,0.00,0.00,0.00,0.00,0.00,0,0,0,9,2,0,0,0,0
Silas Redd,WAS,RB,134,0.00,0.00,0.00,0.00,0.00,0,0,0,8,2,0,0,0,0
Trey Watts,LAR,RB,134,0.00,0.00,0.00,0.00,0.00,0,0,0,8,2,0,0,0,0
Glenn Winston,CLE,RB,134,0.00,0.00,0.00,0.00,0.00,0,0,0,8,2,0,0,0,0
Fitzgerald Toussaint,PIT,RB,134,0.00,0.00,0.00,0.00,0.00,0,0,0,8,2,0,0,0,0
Roosevelt Nix,PIT,RB,134,0.00,0.00,0.00,0.00,0.00,0,0,0,8,2,0,0,0,0
Marcus Murphy,NYJ,RB,134,0.00,0.00,0.00,0.00,0.00,0,0,0,9,2,0,0,0,0
Jeremy Langford,BAL,RB,134,0.00,0.00,0.00,0.00,0.00,0,0,0,9,2,0,0,0,0
Malcolm Johnson,SEA,RB,134,0.00,0.00,0.00,0.00,0.00,0,0,0,8,2,0,0,0,0
Joey Iosefa,NE,RB,134,0.00,0.00,0.00,0.00,0.00,0,0,0,8,2,0,0,0,0
David Cobb,CHI,RB,134,0.00,0.00,0.00,0.00,0.00,0,0,0,7,2,0,0,0,0
Karlos Williams,PIT,RB,134,0.00,0.00,0.00,0.00,0.00,0,0,0,8,2,0,0,0,0
Kenny Hilliard,WAS,RB,134,0.00,0.00,0.00,0.00,0.00,0,0,0,8,2,0,0,0,0
Josh Robinson,IND,RB,134,0.00,0.00,0.00,0.00,0.00,0,0,0,9,2,0,0,0,0
Tyler Varga,IND,RB,134,0.00,0.00,0.00,0.00,0.00,0,0,0,9,2,0,0,0,0
Mike Davis,SEA,RB,134,0.00,0.00,0.00,0.00,0.00,0,0,0,8,2,0,0,0,0
Michael Dyer,OAK,RB,134,0.00,0.00,0.00,0.00,0.00,0,0,0,9,2,0,0,0,0
John Crockett,OAK,RB,134,0.00,0.00,0.00,0.00,0.00,0,0,0,9,2,0,0,0,0
Terrence Magee,CLE,RB,134,0.00,0.00,0.00,0.00,0.00,0,0,0,8,2,0,0,0,0
Gus Johnson,LAC,RB,134,0.00,0.00,0.00,0.00,0.00,0,0,0,8,2,0,0,0,0
Terron Ward,ATL,RB,134,0.00,0.00,0.00,0.00,0.00,0,0,0,8,2,0,0,0,0
Jarryd Hayne,SF,RB,134,0.00,0.00,0.00,0.00,0.00,0,0,0,9,2,0,0,0,0
Brandon Wegher,LAR,RB,134,0.00,0.00,0.00,0.00,0.00,0,0,0,8,2,0,0,0,0
Alonzo Harris,GB,RB,134,0.00,0.00,0.00,0.00,0.00,0,0,0,8,2,0,0,0,0
Nikita Whitlock,NYG,RB,134,0.00,0.00,0.00,0.00,0.00,0,0,0,8,2,0,0,0,0
Trey Williams,PIT,RB,134,0.00,0.00,0.00,0.00,0.00,0,0,0,8,2,0,0,0,0
Kenneth Dixon,BAL,RB,134,0.00,0.00,0.00,0.00,0.00,0,0,0,9,2,0,0,0,0
Jonathan Williams,BUF,RB,134,0.00,0.00,0.00,0.00,0.00,0,0,0,8,2,0,0,0,0
Derek Watt,LAC,RB,134,0.00,0.00,0.00,0.00,0.00,0,0,0,8,2,0,0,0,0
Kelvin Taylor,ATL,RB,134,0.00,0.00,0.00,0.00,0.00,0,0,0,8,2,0,0,0,0
Darius Jackson,CLE,RB,134,0.00,0.00,0.00,0.00,0.00,0,0,0,8,2,0,0,0,0
Daniel Lasco,NO,RB,134,0.00,0.00,0.00,0.00,0.00,0,0,0,8,2,0,0,0,0
Keith Marshall,WAS,RB,134,0.00,0.00,0.00,0.00,0.00,0,0,0,8,2,0,0,0,0
Zac Brooks,SEA,RB,134,0.00,0.00,0.00,0.00,0.00,0,0,0,8,2,0,0,0,0
Brandon Wilds,CLE,RB,134,0.00,0.00,0.00,0.00,0.00,0,0,0,8,2,0,0,0,0
Jhurell Pressley,ATL,RB,134,0.00,0.00,0.00,0.00,0.00,0,0,0,8,2,0,0,0,0
Byron Marshall,PHI,RB,134,0.00,0.00,0.00,0.00,0.00,0,0,0,9,2,0,0,0,0
George Atkinson III,OAK,RB,134,0.00,0.00,0.00,0.00,0.00,0,0,0,9,2,0,0,0,0
James Wilder Jr.,BUF,RB,134,0.00,0.00,0.00,0.00,0.00,0,0,0,8,2,0,0,0,0
D.J. Foster,ARI,RB,134,0.00,0.00,0.00,0.00,0.00,0,0,0,8,2,0,0,0,0
Dreamius Smith,LAC,RB,134,0.00,0.00,0.00,0.00,0.00,0,0,0,8,2,0,0,0,0
Devon Johnson,CAR,RB,134,0.00,0.00,0.00,0.00,0.00,0,0,0,9,2,0,0,0,0
Troymaine Pope,IND,RB,134,0.00,0.00,0.00,0.00,0.00,0,0,0,9,2,0,0,0,0
Glenn Gronkowski,NE,RB,134,0.00,0.00,0.00,0.00,0.00,0,0,0,8,2,0,0,0,0
Julian Howsare,NYJ,RB,134,0.00,0.00,0.00,0.00,0.00,0,0,0,9,2,0,0,0,0
Kenneth Farrow,LAC,RB,134,0.00,0.00,0.00,0.00,0.00,0,0,0,8,2,0,0,0,0
Paul Lasike,CHI,RB,134,0.00,0.00,0.00,0.00,0.00,0,0,0,7,2,0,0,0,0
Don Jackson,GB,RB,134,0.00,0.00,0.00,0.00,0.00,0,0,0,8,2,0,0,0,0
George Farmer,SEA,RB,134,0.00,0.00,0.00,0.00,0.00,0,0,0,8,2,0,0,0,0
Donnel Pumphrey,PHI,RB,134,0.00,0.00,0.00,0.00,0.00,0,0,0,9,2,0,0,0,0
Elijah Hood,OAK,RB,134,0.00,0.00,0.00,0.00,0.00,0,0,0,9,2,0,0,0,0
Marquez Williams,JAX,RB,134,0.00,0.00,0.00,0.00,0.00,0,0,0,8,2,0,0,0,0
T.J. Logan,ARI,RB,134,0.00,0.00,0.00,0.00,0.00,0,0,0,8,2,0,0,0,0
Sam Rogers,LAR,RB,134,0.00,0.00,0.00,0.00,0.00,0,0,0,8,2,0,0,0,0
Devante Mays,GB,RB,134,0.00,0.00,0.00,0.00,0.00,0,0,0,8,2,0,0,0,0
Joe Williams,SF,RB,134,0.00,0.00,0.00,0.00,0.00,0,0,0,9,2,0,0,0,0
Khalfani Muhammad,TEN,RB,134,0.00,0.00,0.00,0.00,0.00,0,0,0,8,2,0,0,0,0
Brian Hill,ATL,RB,134,0.00,0.00,0.00,0.00,0.00,0,0,0,8,2,0,0,0,0
Freddie Stevenson,CHI,RB,134,0.00,0.00,0.00,0.00,0.00,0,0,0,7,2,0,0,0,0
Algernon Brown,NYJ,RB,134,0.00,0.00,0.00,0.00,0.00,0,0,0,9,2,0,0,0,0
Jahad Thomas,NYJ,RB,134,0.00,0.00,0.00,0.00,0.00,0,0,0,9,2,0,0,0,0
Taquan Mizzell,CHI,RB,134,0.00,0.00,0.00,0.00,0.00,0,0,0,7,2,0,0,0,0
Trey Edmunds,NO,RB,134,0.00,0.00,0.00,0.00,0.00,0,0,0,8,2,0,0,0,0
Arian Foster,MIA,RB,134,0.00,0.00,0.00,0.00,0.00,0,0,0,9,2,0,0,0,0
Jorvorskie Lane,TB,RB,134,0.00,0.00,0.00,0.00,0.00,0,0,0,9,2,0,0,0,0
Antone Smith,TB,RB,134,0.00,0.00,0.00,0.00,0.00,0,0,0,9,2,0,0,0,0
Daniel Thomas,MIA,RB,134,0.00,0.00,0.00,0.00,0.00,0,0,0,9,2,0,0,0,0
Isaiah Pead,MIA,RB,134,0.00,0.00,0.00,0.00,0.00,0,0,0,9,2,0,0,0,0
LaMike James,MIA,RB,134,0.00,0.00,0.00,0.00,0.00,0,0,0,9,2,0,0,0,0
Storm Johnson,MIA,RB,134,0.00,0.00,0.00,0.00,0.00,0,0,0,9,2,0,0,0,0
Austin Johnson,TB,RB,134,0.00,0.00,0.00,0.00,0.00,0,0,0,9,2,0,0,0,0
Senorise Perry,MIA,RB,134,0.00,0.00,0.00,0.00,0.00,0,0,0,9,2,0,0,0,0
Jeremy McNichols,TB,RB,134,0.00,0.00,0.00,0.00,0.00,0,0,0,9,2,0,0,0,0
Travis Kelce,KC,TE,1,16.07,8.23,144.60,7.84,24.29,7,1,0,1,1,1,8,0,1
Zach Ertz,PHI,TE,2,16.23,2.24,129.80,13.99,18.46,8,0,0,1,1,1,8,0,1
Rob Gronkowski,NE,TE,3,16.41,7.59,114.90,8.82,24.01,5,2,0,1,1,1,7,0,1
Jack Doyle,IND,TE,4,12.76,8.09,102.10,4.67,20.85,4,3,0,2,1,1,7,0,1
Evan Engram,NYG,TE,5,12.40,5.95,99.20,6.45,18.35,5,2,0,1,1,1,7,0,1
Cameron Brate,TB,TE,6,12.18,6.03,97.40,6.14,18.21,6,0,2,0,1,1,6,0,1
Jared Cook,OAK,TE,7,10.32,5.57,92.90,4.75,15.89,5,1,3,0,1,1,6,0,1
Jimmy Graham,SEA,TE,8,11.23,5.82,89.80,5.40,17.05,6,0,1,1,1,1,6,0,1
Jason Witten,DAL,TE,9,10.36,8.57,82.90,1.80,18.93,3,2,0,3,1,1,5,0,1
Delanie Walker,TEN,TE,10,10.04,3.86,80.30,6.18,13.90,4,3,1,0,1,1,7,0,1
Kyle Rudolph,MIN,TE,11,9.64,4.52,77.10,5.11,14.16,3,3,1,1,1,1,6,0,1
Benjamin Watson,BAL,TE,12,9.51,3.81,76.10,5.71,13.32,3,4,0,2,1,1,7,0,1
Tyler Kroft,CIN,TE,13,8.96,7.16,71.70,1.80,16.13,4,2,0,2,1,1,6,0,1
Austin Seferian-Jenkins,NYJ,TE,14,10.16,4.05,71.10,6.10,14.21,2,4,1,2,1,1,6,0,1
Austin Hooper,ATL,TE,15,8.76,6.43,70.10,2.33,15.19,4,1,0,3,1,1,5,0,1
Hunter Henry,LAC,TE,16,8.28,5.88,66.20,2.39,14.16,3,2,1,2,1,1,5,0,1
Vernon Davis,WAS,TE,17,8.18,5.39,65.40,2.78,13.57,3,2,1,2,1,1,5,0,1
George Kittle,SF,TE,18,6.74,5.57,60.70,1.18,12.31,1,3,3,2,1,1,4,0,1
Jordan Reed,WAS,TE,19,10.02,7.89,60.10,2.13,17.90,2,2,1,3,1,1,4,0,1
Charles Clay,BUF,TE,20,11.56,5.20,57.80,6.36,16.76,3,0,2,3,1,1,3,0,1
Ed Dickson,CAR,TE,21,6.32,6.47,56.90,-0.15,12.80,1,3,2,3,1,0,4,0,0
Zach Miller,CHI,TE,22,6.95,4.03,55.60,2.92,10.98,1,3,3,1,1,1,4,0,1
David Njoku,CLE,TE,23,6.95,4.09,55.60,2.86,11.04,1,3,2,2,1,1,4,0,1
Julius Thomas,MIA,TE,24,6.78,5.49,54.20,1.29,12.26,1,1,4,2,1,1,2,0,0
O.J. Howard,TB,TE,25,6.59,9.09,52.70,-2.51,15.68,2,0,1,5,1,0,2,0,0
Jesse James,PIT,TE,26,6.41,6.48,51.30,-0.07,12.89,1,3,2,2,1,0,4,0,0
A.J. Derby,DEN,TE,27,7.17,5.51,50.20,1.67,12.68,2,2,1,3,1,1,4,0,1
Marcedes Lewis,JAX,TE,28,6.18,9.20,49.40,-3.03,15.38,1,2,0,5,1,0,3,0,0
Coby Fleener,NO,TE,29,5.95,5.31,47.60,0.64,11.26,2,1,2,3,1,1,3,0,1
Martellus Bennett,GB,TE,30,6.76,2.50,47.30,4.26,9.25,0,4,3,1,1,1,4,1,0
Eric Ebron,DET,TE,31,5.44,4.22,43.50,1.21,9.66,1,2,2,3,1,1,3,0,1
Seth DeValve,CLE,TE,32,5.30,2.85,42.40,2.45,8.15,0,5,1,2,1,1,5,1,0
Darren Fells,DET,TE,33,5.29,5.42,42.30,-0.14,10.71,2,1,1,4,1,0,3,0,0
Tyler Higbee,LAR,TE,34,4.96,4.31,39.70,0.65,9.27,1,2,2,3,1,1,3,0,1
Jermaine Gresham,ARI,TE,35,5.61,2.88,39.30,2.74,8.49,1,1,3,3,1,1,2,0,0
Luke Willson,SEA,TE,36,4.71,4.80,37.70,-0.09,9.51,1,1,2,4,1,0,2,0,0
Ryan Griffin,HOU,TE,37,4.60,5.70,36.80,-1.10,10.30,1,1,1,5,1,0,2,0,0
Antonio Gates,LAC,TE,38,4.43,2.10,35.40,2.32,6.53,0,3,4,1,1,1,3,1,0
Gerald Everett,LAR,TE,39,4.39,4.07,35.10,0.32,8.46,1,2,1,4,1,1,3,0,1
Nick O'Leary,BUF,TE,40,4.26,3.59,34.10,0.67,7.86,0,3,2,3,1,1,3,1,0
Trey Burton,PHI,TE,40,3.79,4.00,34.10,-0.21,7.79,1,1,2,5,1,0,2,0,0
Nick Boyle,BAL,TE,42,3.76,2.57,33.80,1.18,6.33,0,2,2,5,1,1,2,1,0
Jonnu Smith,TEN,TE,43,4.21,4.18,33.70,0.04,8.39,0,3,1,4,1,1,3,1,0
Stephen Anderson,HOU,TE,44,4.14,2.76,33.10,1.38,6.90,0,2,4,2,1,1,2,1,0
Virgil Green,DEN,TE,45,3.38,2.85,27.00,0.52,6.23,0,3,2,3,1,1,3,1,0
Lance Kendricks,GB,TE,46,3.33,4.18,26.60,-0.86,7.51,1,0,3,4,1,0,1,0,0
Dion Sims,CHI,TE,47,4.38,3.88,26.30,0.50,8.26,1,2,0,5,1,1,3,0,1
Eric Tomlinson,NYJ,TE,48,3.85,2.80,23.10,1.05,6.65,1,0,3,5,1,1,1,0,0
Rhett Ellison,NYG,TE,49,2.64,2.92,21.10,-0.28,5.55,0,1,2,5,1,0,1,1,0
Garrett Celek,SF,TE,50,2.27,2.00,20.40,0.27,4.26,0,1,2,6,1,1,1,1,0
Brandon Williams,IND,TE,51,2.13,1.80,19.20,0.33,3.94,0,0,2,7,1,1,0,1,0
Demetrius Harris,KC,TE,52,3.03,3.51,18.20,-0.48,6.55,1,0,2,6,1,0,1,0,0
Jeff Heuerman,DEN,TE,53,2.25,3.30,18.00,-1.05,5.55,0,1,1,6,1,0,1,1,0
Anthony Fasano,MIA,TE,54,2.19,3.74,17.50,-1.55,5.93,1,0,2,6,1,0,1,0,0
Troy Niklas,ARI,TE,55,2.15,3.17,17.20,-1.02,5.32,0,1,1,6,1,0,1,1,0
Logan Thomas,BUF,TE,56,2.09,3.05,16.70,-0.97,5.14,0,1,1,6,1,0,1,1,0
Michael Hoomanawanui,NO,TE,57,1.85,3.46,14.80,-1.61,5.31,1,0,0,7,1,0,1,0,0
Brent Celek,PHI,TE,58,1.58,2.09,14.20,-0.51,3.67,0,1,1,7,1,0,1,1,0
Maxx Williams,BAL,TE,59,1.48,2.52,13.30,-1.04,4.00,0,1,1,7,1,0,1,1,0
Josh Hill,NO,TE,60,1.64,2.50,13.10,-0.86,4.13,0,1,1,6,1,0,1,1,0
Levine Toilolo,ATL,TE,61,1.36,1.95,10.90,-0.59,3.31,0,0,2,6,1,0,0,1,0
Phillip Supernaw,TEN,TE,61,1.36,3.14,10.90,-1.78,4.50,0,1,0,7,1,0,1,1,0
Luke Stocker,TB,TE,63,1.35,3.04,10.80,-1.69,4.39,0,1,0,8,1,0,1,1,0
James Hanna,DAL,TE,64,1.23,3.24,9.80,-2.02,4.47,0,1,0,7,1,0,1,1,0
James O'Shaughnessy,JAX,TE,65,1.21,1.28,9.70,-0.07,2.49,0,0,1,7,1,0,0,1,0
Vance McDonald,PIT,TE,66,1.16,2.08,9.30,-0.92,3.24,0,0,2,6,1,0,0,1,0
C.J. Fiedorowicz,HOU,TE,67,8.60,0.00,8.60,8.60,8.60,1,0,0,7,1,1,1,0,0
Tyler Eifert,CIN,TE,67,4.30,2.90,8.60,1.40,7.20,0,1,0,7,1,1,1,1,0
Lee Smith,OAK,TE,69,0.94,1.39,8.50,-0.45,2.34,0,0,1,8,1,0,0,1,0
Jerell Adams,NYG,TE,69,1.06,1.62,8.50,-0.56,2.68,0,0,1,7,1,0,0,1,0
Nick Vannett,SEA,TE,71,1.04,1.05,8.30,-0.01,2.08,0,0,0,8,1,0,0,1,0
Derek Carrier,LAR,TE,71,1.04,1.08,8.30,-0.05,2.12,0,0,1,7,1,0,0,1,0
Richard Rodgers,GB,TE,71,1.04,1.50,8.30,-0.46,2.54,0,0,1,7,1,0,0,1,0
Will Tye,NYJ,TE,74,0.87,2.00,7.80,-1.14,2.87,0,1,0,8,1,0,1,1,0
Adam Shaheen,CHI,TE,75,0.90,2.38,7.20,-1.48,3.28,0,1,0,6,1,0,1,1,0
Ross Travis,KC,TE,76,0.80,1.44,7.20,-0.64,2.24,0,0,1,8,1,0,0,1,0
C.J. Uzomah,CIN,TE,77,0.86,1.17,6.90,-0.31,2.03,0,0,1,7,1,0,0,1,0
Jacob Hollister,NE,TE,78,0.84,1.14,6.70,-0.30,1.97,0,0,1,7,1,0,0,1,0
Greg Olsen,CAR,TE,79,2.90,0.90,5.80,2.00,3.80,0,0,1,8,1,1,0,1,0
David Morgan II,MIN,TE,79,0.83,2.03,5.80,-1.20,2.86,0,1,0,6,1,0,1,1,0
Darrell Daniels,IND,TE,81,0.62,0.90,5.60,-0.28,1.52,0,0,0,9,1,0,0,1,0
Ifeanyi Momah,ARI,TE,81,0.70,1.85,5.60,-1.15,2.55,0,0,1,7,1,0,0,1,0
Ben Koyack,JAX,TE,83,0.60,1.10,4.80,-0.50,1.70,0,0,1,7,1,0,0,1,0
Niles Paul,WAS,TE,83,0.60,1.38,4.80,-0.78,1.98,0,0,1,7,1,0,0,1,0
Geoff Swaim,DAL,TE,85,0.56,1.01,4.50,-0.45,1.57,0,0,1,7,1,0,0,1,0
Randall Telfer,CLE,TE,86,0.55,1.03,4.40,-0.48,1.58,0,0,0,8,1,0,0,1,0
Cole Hikutini,SF,TE,87,0.39,0.74,3.50,-0.35,1.13,0,0,0,9,1,0,0,1,0
Alan Cross,TB,TE,88,0.39,0.67,3.10,-0.28,1.06,0,0,0,9,1,0,0,1,0
Clive Walford,OAK,TE,89,0.29,0.57,2.60,-0.28,0.86,0,0,0,9,1,0,0,1,0
Michael Roberts,DET,TE,90,0.31,0.83,2.50,-0.51,1.14,0,0,0,8,1,0,0,1,0
Xavier Grimble,PIT,TE,91,0.28,0.73,2.20,-0.45,1.00,0,0,0,8,1,0,0,1,0
Blake Bell,MIN,TE,91,0.31,0.77,2.20,-0.46,1.08,0,0,0,7,1,0,0,1,0
Chris Manhertz,CAR,TE,93,0.23,0.66,2.10,-0.43,0.89,0,0,0,9,1,0,0,1,0
Sean McGrath,LAC,TE,94,0.25,0.66,2.00,-0.41,0.91,0,0,0,8,1,0,0,1,0
Daniel Brown,CHI,TE,95,0.24,0.63,1.90,-0.39,0.87,0,0,0,7,1,0,0,1,0
Neal Sterling,NYJ,TE,96,0.20,0.57,1.80,-0.37,0.77,0,0,0,9,1,0,0,1,0
MarQueis Gray,MIA,TE,97,0.04,0.10,0.30,-0.06,0.14,0,0,0,9,1,0,0,1,0
Kellen Winslow,NYJ,TE,98,0.00,0.00,0.00,0.00,0.00,0,0,0,9,1,0,0,1,0
Owen Daniels,DEN,TE,98,0.00,0.00,0.00,0.00,0.00,0,0,0,8,1,0,0,1,0
Daniel Fells,NYG,TE,98,0.00,0.00,0.00,0.00,0.00,0,0,0,8,1,0,0,1,0
Matt Spaeth,PIT,TE,98,0.00,0.00,0.00,0.00,0.00,0,0,0,8,1,0,0,1,0
Scott Chandler,NE,TE,98,0.00,0.00,0.00,0.00,0.00,0,0,0,8,1,0,0,1,0
Clark Harris,CIN,TE,98,0.00,0.00,0.00,0.00,0.00,0,0,0,8,1,0,0,1,0
Fred Davis,WAS,TE,98,0.00,0.00,0.00,0.00,0.00,0,0,0,8,1,0,0,1,0
Craig Stevens,TEN,TE,98,0.00,0.00,0.00,0.00,0.00,0,0,0,8,1,0,0,1,0
Gary Barnidge,CLE,TE,98,0.00,0.00,0.00,0.00,0.00,0,0,0,8,1,0,0,1,0
Jacob Tamme,ATL,TE,98,0.00,0.00,0.00,0.00,0.00,0,0,0,8,1,0,0,1,0
Kellen Davis,NYJ,TE,98,0.00,0.00,0.00,0.00,0.00,0,0,0,9,1,0,0,1,0
Matthew Mulligan,DET,TE,98,0.00,0.00,0.00,0.00,0.00,0,0,0,8,1,0,0,1,0
David Johnson,PIT,TE,98,0.00,0.00,0.00,0.00,0.00,0,0,0,8,1,0,0,1,0
James Casey,DEN,TE,98,0.00,0.00,0.00,0.00,0.00,0,0,0,8,1,0,0,1,0
Chase Coffman,IND,TE,98,0.00,0.00,0.00,0.00,0.00,0,0,0,9,1,0,0,1,0
Bear Pascoe,NE,TE,98,0.00,0.00,0.00,0.00,0.00,0,0,0,8,1,0,0,1,0
Brandon Pettigrew,DET,TE,98,0.00,0.00,0.00,0.00,0.00,0,0,0,8,1,0,0,1,0
John Phillips,NO,TE,98,0.00,0.00,0.00,0.00,0.00,0,0,0,8,1,0,0,1,0
Dennis Pitta,BAL,TE,98,0.00,0.00,0.00,0.00,0.00,0,0,0,9,1,0,0,1,0
Tony Moeaki,CHI,TE,98,0.00,0.00,0.00,0.00,0.00,0,0,0,7,1,0,0,1,0
Jim Dray,ARI,TE,98,0.00,0.00,0.00,0.00,0.00,0,0,0,8,1,0,0,1,0
Garrett Graham,DEN,TE,98,0.00,0.00,0.00,0.00,0.00,0,0,0,8,1,0,0,1,0
Clay Harbor,NO,TE,98,0.00,0.00,0.00,0.00,0.00,0,0,0,8,1,0,0,1,0
Anthony McCoy,SEA,TE,98,0.00,0.00,0.00,0.00,0.00,0,0,0,8,1,0,0,1,0
Andrew Quarless,DET,TE,98,0.00,0.00,0.00,0.00,0.00,0,0,0,8,1,0,0,1,0
Richie Brockel,CAR,TE,98,0.00,0.00,0.00,0.00,0.00,0,0,0,9,1,0,0,1,0
Jeff Cumberland,LAC,TE,98,0.00,0.00,0.00,0.00,0.00,0,0,0,8,1,0,0,1,0
Logan Paulsen,SF,TE,98,0.00,0.00,0.00,0.00,0.00,0,0,0,9,1,0,0,1,0
Rob Housler,NE,TE,98,0.00,0.00,0.00,0.00,0.00,0,0,0,8,1,0,0,1,0
Bruce Miller,SF,TE,98,0.00,0.00,0.00,0.00,0.00,0,0,0,9,1,0,0,1,0
David Ausberry,DET,TE,98,0.00,0.00,0.00,0.00,0.00,0,0,0,8,1,0,0,1,0
D.J. Williams,WAS,TE,98,0.00,0.00,0.00,0.00,0.00,0,0,0,8,1,0,0,1,0
Dwayne Allen,NE,TE,98,0.00,0.00,0.00,0.00,0.00,0,0,0,8,1,0,0,1,0
Orson Charles,KC,TE,98,0.00,0.00,0.00,0.00,0.00,0,0,0,9,1,0,0,1,0
Ladarius Green,PIT,TE,98,0.00,0.00,0.00,0.00,0.00,0,0,0,8,1,0,0,1,0
Greg Scruggs,NE,TE,98,0.00,0.00,0.00,0.00,0.00,0,0,0,8,1,0,0,1,0
Chase Ford,BAL,TE,98,0.00,0.00,0.00,0.00,0.00,0,0,0,9,1,0,0,1,0
Cooper Helfet,OAK,TE,98,0.00,0.00,0.00,0.00,0.00,0,0,0,9,1,0,0,1,0
Brandon Bostick,NYJ,TE,98,0.00,0.00,0.00,0.00,0.00,0,0,0,9,1,0,0,1,0
Larry Donnell,BAL,TE,98,0.00,0.00,0.00,0.00,0.00,0,0,0,9,1,0,0,1,0
Gavin Escobar,BAL,TE,98,0.00,0.00,0.00,0.00,0.00,0,0,0,9,1,0,0,1,0
Michael Williams,NE,TE,98,0.00,0.00,0.00,0.00,0.00,0,0,0,8,1,0,0,1,0
Mychal Rivera,JAX,TE,98,0.00,0.00,0.00,0.00,0.00,0,0,0,8,1,0,0,1,0
Chris Gragg,NYJ,TE,98,0.00,0.00,0.00,0.00,0.00,0,0,0,9,1,0,0,1,0
Justice Cunningham,LAR,TE,98,0.00,0.00,0.00,0.00,0.00,0,0,0,8,1,0,0,1,0
Timothy Wright,DET,TE,98,0.00,0.00,0.00,0.00,0.00,0,0,0,8,1,0,0,1,0
Zach Sudfeld,NYJ,TE,98,0.00,0.00,0.00,0.00,0.00,0,0,0,9,1,0,0,1,0
Jake Stoneburner,LAR,TE,98,0.00,0.00,0.00,0.00,0.00,0,0,0,8,1,0,0,1,0
Crockett Gillmore,BAL,TE,98,0.00,0.00,0.00,0.00,0.00,0,0,0,9,1,0,0,1,0
Jace Amaro,TEN,TE,98,0.00,0.00,0.00,0.00,0.00,0,0,0,8,1,0,0,1,0
Brian Leonhardt,MIN,TE,98,0.00,0.00,0.00,0.00,0.00,0,0,0,7,1,0,0,1,0
Marcel Jensen,WAS,TE,98,0.00,0.00,0.00,0.00,0.00,0,0,0,8,1,0,0,1,0
Asante Cleveland,LAC,TE,98,0.00,0.00,0.00,0.00,0.00,0,0,0,8,1,0,0,1,0
Nic Jacobs,JAX,TE,98,0.00,0.00,0.00,0.00,0.00,0,0,0,8,1,0,0,1,0
Blake Annen,BUF,TE,98,0.00,0.00,0.00,0.00,0.00,0,0,0,8,1,0,0,1,0
RaShaun Allen,HOU,TE,98,0.00,0.00,0.00,0.00,0.00,0,0,0,8,1,0,0,1,0
Justin Perillo,CHI,TE,98,0.00,0.00,0.00,0.00,0.00,0,0,0,7,1,0,0,1,0
MyCole Pruitt,CHI,TE,98,0.00,0.00,0.00,0.00,0.00,0,0,0,7,1,0,0,1,0
Gerald Christian,ARI,TE,98,0.00,0.00,0.00,0.00,0.00,0,0,0,8,1,0,0,1,0
Darren Waller,BAL,TE,98,0.00,0.00,0.00,0.00,0.00,0,0,0,9,1,0,0,1,0
Rory Anderson,BUF,TE,98,0.00,0.00,0.00,0.00,0.00,0,0,0,8,1,0,0,1,0
Kennard Backman,DET,TE,98,0.00,0.00,0.00,0.00,0.00,0,0,0,8,1,0,0,1,0
E.J. Bibbs,WAS,TE,98,0.00,0.00,0.00,0.00,0.00,0,0,0,8,1,0,0,1,0
Khari Lee,BUF,TE,98,0.00,0.00,0.00,0.00,0.00,0,0,0,8,1,0,0,1,0
Jerome Cunningham,TEN,TE,98,0.00,0.00,0.00,0.00,0.00,0,0,0,8,1,0,0,1,0
Wes Saxton,BUF,TE,98,0.00,0.00,0.00,0.00,0.00,0,0,0,8,1,0,0,1,0
Temarrick Hemingway,LAR,TE,98,0.00,0.00,0.00,0.00,0.00,0,0,0,8,1,0,0,1,0
Rico Gathers,DAL,TE,98,0.00,0.00,0.00,0.00,0.00,0,0,0,8,1,0,0,1,0
Beau Sandland,GB,TE,98,0.00,0.00,0.00,0.00,0.00,0,0,0,8,1,0,0,1,0
Ben Braunecker,CHI,TE,98,0.00,0.00,0.00,0.00,0.00,0,0,0,7,1,0,0,1,0
Cole Wick,DET,TE,98,0.00,0.00,0.00,0.00,0.00,0,0,0,8,1,0,0,1,0
Matt LaCosse,NYG,TE,98,0.00,0.00,0.00,0.00,0.00,0,0,0,8,1,0,0,1,0
Erik Swoope,IND,TE,98,0.00,0.00,0.00,0.00,0.00,0,0,0,9,1,0,0,1,0
Anthony Denham,PHI,TE,98,0.00,0.00,0.00,0.00,0.00,0,0,0,9,1,0,0,1,0
Bryce Williams,CAR,TE,98,0.00,0.00,0.00,0.00,0.00,0,0,0,9,1,0,0,1,0
Braedon Bowman,NO,TE,98,0.00,0.00,0.00,0.00,0.00,0,0,0,8,1,0,0,1,0
Brian Parker,NYJ,TE,98,0.00,0.00,0.00,0.00,0.00,0,0,0,9,1,0,0,1,0
Joshua Perkins,ATL,TE,98,0.00,0.00,0.00,0.00,0.00,0,0,0,8,1,0,0,1,0
Scott Simonson,CAR,TE,98,0.00,0.00,0.00,0.00,0.00,0,0,0,9,1,0,0,1,0
D.J. Tialavea,ATL,TE,98,0.00,0.00,0.00,0.00,0.00,0,0,0,8,1,0,0,1,0
Matt Lengel,CLE,TE,98,0.00,0.00,0.00,0.00,0.00,0,0,0,8,1,0,0,1,0
Alex Ellis,JAX,TE,98,0.00,0.00,0.00,0.00,0.00,0,0,0,8,1,0,0,1,0
Jordan Leggett,NYJ,TE,98,0.00,0.00,0.00,0.00,0.00,0,0,0,9,1,0,0,1,0
Jake Butt,DEN,TE,98,0.00,0.00,0.00,0.00,0.00,0,0,0,8,1,0,0,1,0
Mason Schreck,CIN,TE,98,0.00,0.00,0.00,0.00,0.00,0,0,0,8,1,0,0,1,0
Jeremy Sprinkle,WAS,TE,98,0.00,0.00,0.00,0.00,0.00,0,0,0,8,1,0,0,1,0
Bucky Hodges,MIN,TE,98,0.00,0.00,0.00,0.00,0.00,0,0,0,7,1,0,0,1,0
Eric Saubert,ATL,TE,98,0.00,0.00,0.00,0.00,0.00,0,0,0,8,1,0,0,1,0
Ricky Seals-Jones,ARI,TE,98,0.00,0.00,0.00,0.00,0.00,0,0,0,8,1,0,0,1,0
Hakeem Valles,ARI,TE,98,0.00,0.00,0.00,0.00,0.00,0,0,0,8,1,0,0,1,0
Sean Culkin,LAC,TE,98,0.00,0.00,0.00,0.00,0.00,0,0,0,8,1,0,0,1,0
Cethan Carter,CIN,TE,98,0.00,0.00,0.00,0.00,0.00,0,0,0,8,1,0,0,1,0
Evan Baylis,HOU,TE,98,0.00,0.00,0.00,0.00,0.00,0,0,0,8,1,0,0,1,0
Shane Smith,NYG,TE,98,0.00,0.00,0.00,0.00,0.00,0,0,0,8,1,0,0,1,0
Brandon Myers,TB,TE,98,0.00,0.00,0.00,0.00,0.00,0,0,0,9,1,0,0,1,0
Jordan Cameron,MIA,TE,98,0.00,0.00,0.00,0.00,0.00,0,0,0,9,1,0,0,1,0
Dominique Jones,MIA,TE,98,0.00,0.00,0.00,0.00,0.00,0,0,0,9,1,0,0,1,0
Chris Pantale,MIA,TE,98,0.00,0.00,0.00,0.00,0.00,0,0,0,9,1,0,0,1,0
Thomas Duarte,MIA,TE,98,0.00,0.00,0.00,0.00,0.00,0,0,0,9,1,0,0,1,0
Antony Auclair,TB,TE,98,0.00,0.00,0.00,0.00,0.00,0,0,0,9,1,0,0,1,0
DeAndre Hopkins,HOU,WR,1,21.03,8.09,168.20,12.94,29.11,5,1,1,1,2,1,7,0,1
Antonio Brown,PIT,WR,2,19.81,8.43,158.50,11.38,28.24,5,1,1,1,2,1,7,0,1
Tyreek Hill,KC,WR,3,14.76,7.69,132.80,7.07,22.45,2,3,0,4,2,1,5,0,1
Doug Baldwin,SEA,WR,4,15.31,7.49,122.50,7.83,22.80,3,0,1,4,2,1,4,0,1
Larry Fitzgerald,ARI,WR,5,15.30,9.56,122.40,5.74,24.86,2,2,2,2,2,1,6,0,1
Jarvis Landry,MIA,WR,6,15.29,4.92,122.30,10.37,20.20,3,2,2,1,2,1,7,0,1
T.Y. Hilton,IND,WR,7,13.36,11.54,120.20,1.81,24.90,3,0,0,6,2,1,3,0,1
A.J. Green,CIN,WR,8,14.85,8.97,118.80,5.88,23.82,3,1,2,2,2,1,6,0,1
Alshon Jeffery,PHI,WR,9,13.11,6.74,118.00,6.37,19.85,3,0,2,4,2,1,5,0,1
Mike Evans,TB,WR,10,14.65,6.35,117.20,8.30,21.00,4,0,3,1,2,1,7,0,1
Golden Tate,DET,WR,11,14.64,6.16,117.10,8.48,20.80,3,2,0,3,2,1,5,0,1
Michael Crabtree,OAK,WR,11,14.64,8.49,117.10,6.14,23.13,3,2,1,3,2,1,6,0,1
Michael Thomas,NO,WR,13,14.56,5.66,116.50,8.90,20.22,1,5,0,2,2,1,6,0,1
Julio Jones,ATL,WR,14,14.35,5.35,114.80,9.00,19.70,1,3,3,1,2,1,7,0,1
Marvin Jones Jr.,DET,WR,15,14.31,7.84,114.50,6.47,22.15,3,0,2,3,2,1,5,0,1
Adam Thielen,MIN,WR,16,14.24,6.09,113.90,8.15,20.33,3,0,1,4,2,1,4,0,1
Brandin Cooks,NE,WR,17,13.79,7.80,110.30,5.99,21.59,2,2,1,3,2,1,5,0,1
Chris Hogan,NE,WR,18,13.56,7.19,108.50,6.37,20.75,4,0,2,2,2,1,6,0,1
Davante Adams,GB,WR,19,13.43,7.43,107.40,5.99,20.86,3,0,1,4,2,1,4,0,1
Dez Bryant,DAL,WR,20,13.24,4.65,105.90,8.59,17.89,2,3,0,3,2,1,5,0,1
Robby Anderson,NYJ,WR,21,11.49,6.00,103.40,5.49,17.49,1,3,1,4,2,1,5,0,1
Amari Cooper,OAK,WR,22,11.40,12.43,102.60,-1.03,23.83,2,0,2,5,2,0,4,0,0
Nelson Agholor,PHI,WR,23,11.31,5.91,101.80,5.40,17.22,2,2,0,5,2,1,4,0,1
Keenan Allen,LAC,WR,24,12.60,4.11,100.80,8.49,16.71,2,1,2,3,2,1,5,0,1
Devin Funchess,CAR,WR,25,11.14,6.88,100.30,4.27,18.02,2,1,1,5,2,1,4,0,1
Jordy Nelson,GB,WR,26,14.26,7.73,99.80,6.53,21.99,3,0,2,3,2,1,5,0,1
Demaryius Thomas,DEN,WR,27,12.44,6.73,99.50,5.70,19.17,2,1,3,2,2,1,6,0,1
Ted Ginn Jr.,NO,WR,28,12.15,5.33,97.20,6.82,17.48,2,1,2,3,2,1,5,0,1
Paul Richardson,SEA,WR,29,12.06,6.59,96.50,5.48,18.65,1,1,0,6,2,1,2,0,0
Jermaine Kearse,NYJ,WR,30,10.33,5.44,93.00,4.89,15.78,1,2,2,4,2,1,5,0,1
Stefon Diggs,MIN,WR,31,15.48,12.98,92.90,2.50,28.46,2,1,0,5,2,1,3,0,1
Kelvin Benjamin,CAR,WR,32,11.44,5.39,91.50,6.05,16.82,1,4,1,3,2,1,6,0,1
JuJu Smith-Schuster,PIT,WR,33,11.30,8.89,90.40,2.41,20.19,1,1,2,4,2,1,4,0,1
Pierre Garcon,SF,WR,34,11.25,5.59,90.00,5.66,16.84,0,3,1,5,2,1,4,0,1
Will Fuller V,HOU,WR,35,17.80,7.98,89.00,9.82,25.78,3,1,0,4,2,1,4,0,1
Rishard Matthews,TEN,WR,35,11.13,4.93,89.00,6.19,16.06,0,2,2,4,2,1,4,0,1
Robert Woods,LAR,WR,37,10.91,6.38,87.30,4.53,17.29,1,1,2,4,2,1,4,0,1
Kenny Stills,MIA,WR,38,10.76,7.13,86.10,3.63,17.89,1,2,1,4,2,1,4,0,1
Marqise Lee,JAX,WR,39,10.44,6.39,83.50,4.05,16.83,1,2,1,4,2,1,4,0,1
DeSean Jackson,TB,WR,40,10.25,4.91,82.00,5.34,15.16,0,3,1,4,2,1,4,0,1
Mohamed Sanu,ATL,WR,41,11.70,4.86,81.90,6.84,16.56,1,2,3,2,2,1,6,0,1
Cooper Kupp,LAR,WR,42,10.13,5.19,81.00,4.93,15.32,2,1,0,5,2,1,3,0,1
Allen Hurns,JAX,WR,43,9.83,5.03,78.60,4.79,14.86,1,1,0,6,2,1,2,0,0
Travis Benjamin,LAC,WR,44,9.69,7.13,77.50,2.56,16.82,2,1,1,4,2,1,4,0,1
Jeremy Maclin,BAL,WR,45,8.44,6.42,76.00,2.02,14.87,0,3,2,4,2,1,5,0,1
Odell Beckham Jr.,NYG,WR,46,14.80,10.16,74.00,4.64,24.96,2,1,0,5,2,1,3,0,1
Randall Cobb,GB,WR,47,9.00,5.56,72.00,3.44,14.56,1,1,2,4,2,1,4,0,1
Danny Amendola,NE,WR,48,10.11,5.24,70.80,4.87,15.36,0,3,0,5,2,1,3,0,1
Sammy Watkins,LAR,WR,49,8.76,8.64,70.10,0.13,17.40,1,1,1,5,2,1,3,0,1
Tyler Lockett,SEA,WR,50,8.49,5.21,67.90,3.28,13.70,1,0,2,5,2,1,3,0,1
Emmanuel Sanders,DEN,WR,51,11.27,6.90,67.60,4.37,18.16,1,0,2,5,2,1,3,0,1
Sterling Shepard,NYG,WR,51,11.27,7.69,67.60,3.58,18.96,1,0,3,4,2,1,4,0,1
Deonte Thompson,BUF,WR,53,7.42,7.55,66.80,-0.12,14.97,1,2,0,6,2,0,3,0,0
Terrance Williams,DAL,WR,54,8.21,6.59,65.70,1.62,14.80,1,0,1,6,2,1,2,0,0
J.J. Nelson,ARI,WR,55,9.39,7.14,65.70,2.25,16.52,1,1,1,5,2,1,3,0,1
Jaron Brown,ARI,WR,56,8.05,5.19,64.40,2.86,13.24,1,0,1,6,2,1,2,0,0
Marquise Goodwin,SF,WR,57,7.14,4.68,64.30,2.46,11.82,0,1,1,7,2,1,2,0,0
Cole Beasley,DAL,WR,58,7.81,6.33,62.50,1.48,14.14,2,0,0,6,2,1,2,0,0
Ryan Grant,WAS,WR,59,7.68,1.67,61.40,6.00,9.35,0,0,2,6,2,1,2,0,0
DeVante Parker,MIA,WR,60,12.24,6.35,61.20,5.89,18.59,0,1,3,4,2,1,4,0,1
Adam Humphries,TB,WR,61,7.51,4.20,60.10,3.31,11.72,0,0,3,5,2,1,3,0,1
Mike Wallace,BAL,WR,62,6.57,6.46,59.10,0.11,13.02,1,1,1,6,2,1,3,0,1
Tyrell Williams,LAC,WR,63,7.28,6.44,58.20,0.84,13.71,1,0,0,7,2,1,1,0,0
Brandon Coleman,NO,WR,64,7.15,5.01,57.20,2.14,12.16,0,1,1,6,2,1,2,0,0
Eric Decker,TEN,WR,65,8.10,4.02,56.70,4.08,12.12,0,1,1,6,2,1,2,0,0
TJ Jones,DET,WR,66,7.04,4.23,56.30,2.81,11.27,0,1,1,6,2,1,2,0,0
Bennie Fowler III,DEN,WR,67,6.75,4.98,54.00,1.77,11.73,0,1,1,6,2,1,2,0,0
Kendall Wright,CHI,WR,68,7.70,4.94,53.90,2.76,12.64,0,2,0,6,2,1,2,0,0
Jamison Crowder,WAS,WR,69,7.69,6.72,53.80,0.96,14.41,1,0,0,7,2,1,1,0,0
Donte Moncrief,IND,WR,70,5.87,3.78,52.80,2.08,9.65,0,0,2,7,2,1,2,0,0
Ricardo Louis,CLE,WR,71,6.53,3.23,52.20,3.29,9.76,0,0,2,6,2,1,2,0,0
Brandon LaFell,CIN,WR,72,6.48,3.23,51.80,3.25,9.70,0,1,1,6,2,1,2,0,0
Albert Wilson,KC,WR,73,7.39,4.36,51.70,3.02,11.75,0,1,1,7,2,1,2,0,0
Taylor Gabriel,ATL,WR,74,7.29,5.39,51.00,1.90,12.68,0,1,1,6,2,1,2,0,0
Terrelle Pryor Sr.,WAS,WR,75,6.25,4.96,50.00,1.29,11.21,0,1,1,6,2,1,2,0,0
John Brown,ARI,WR,76,8.27,4.16,49.60,4.10,12.43,0,1,1,6,2,1,2,0,0
Martavis Bryant,PIT,WR,76,6.20,5.46,49.60,0.74,11.66,1,0,0,7,2,1,1,0,0
Jordan Matthews,BUF,WR,78,6.99,2.16,48.90,4.82,9.15,0,0,0,8,2,1,0,0,0
Trent Taylor,SF,WR,79,5.38,3.49,48.40,1.89,8.87,0,0,1,8,2,1,1,0,0
Josh Doctson,WAS,WR,80,5.99,3.98,47.90,2.00,9.97,0,0,1,7,2,1,1,0,0
Jeremy Kerley,NYJ,WR,81,5.71,4.78,45.70,0.93,10.49,0,1,0,8,2,1,1,0,0
Cordarrelle Patterson,OAK,WR,82,5.03,5.09,45.30,-0.06,10.12,0,1,1,7,2,0,2,0,0
Torrey Smith,PHI,WR,83,4.76,5.05,42.80,-0.29,9.81,0,1,1,7,2,0,2,0,0
Brice Butler,DAL,WR,84,5.29,5.43,42.30,-0.14,10.72,0,1,0,7,2,0,1,0,0
Andre Holmes,BUF,WR,85,5.16,4.25,41.30,0.91,9.42,0,1,0,7,2,1,1,0,0
Bruce Ellington,HOU,WR,86,5.15,4.85,41.20,0.30,10.00,0,0,1,7,2,1,1,0,0
Seth Roberts,OAK,WR,87,5.13,2.85,41.00,2.27,7.98,0,0,0,9,2,1,0,0,0
Zay Jones,BUF,WR,88,4.85,4.98,38.80,-0.13,9.83,0,1,0,7,2,0,1,0,0
Taywan Taylor,TEN,WR,89,4.63,4.40,37.00,0.22,9.03,0,1,0,7,2,1,1,0,0
Aldrick Robinson,SF,WR,90,4.07,4.42,36.60,-0.35,8.49,0,1,0,8,2,0,1,0,0
De'Anthony Thomas,KC,WR,91,3.89,4.89,35.00,-1.00,8.78,0,1,0,8,2,0,1,0,0
Brandon Marshall,NYG,WR,92,6.68,5.02,33.40,1.66,11.70,0,0,2,6,2,1,2,0,0
Mack Hollins,PHI,WR,93,3.58,4.28,32.20,-0.70,7.86,0,1,0,8,2,0,1,0,0
Russell Shepard,CAR,WR,94,3.93,3.66,31.40,0.27,7.58,0,1,0,8,2,1,1,0,0
Michael Campanaro,BAL,WR,95,3.38,3.96,30.40,-0.58,7.34,0,0,1,8,2,0,1,0,0
Roger Lewis,NYG,WR,96,3.79,3.50,30.30,0.29,7.29,0,0,1,7,2,1,1,0,0
Rashard Higgins,CLE,WR,97,3.68,5.12,29.40,-1.44,8.79,0,1,0,7,2,0,1,0,0
Kenny Golladay,DET,WR,98,5.84,8.69,29.20,-2.85,14.53,1,0,0,7,2,0,1,0,0
Kenny Britt,CLE,WR,99,3.60,4.81,28.80,-1.21,8.41,0,0,1,7,2,0,1,0,0
Chris Conley,KC,WR,100,7.13,1.63,28.50,5.49,8.76,0,0,0,9,2,1,0,0,0
Tavon Austin,LAR,WR,101,3.53,3.77,28.20,-0.25,7.30,0,0,1,7,2,0,1,0,0
Geronimo Allison,GB,WR,102,3.96,6.09,27.70,-2.13,10.05,0,1,0,7,2,0,1,0,0
Justin Hardy,ATL,WR,103,3.40,3.15,27.20,0.25,6.55,0,0,0,8,2,1,0,0,0
Kamar Aiken,IND,WR,104,3.01,1.92,27.10,1.09,4.93,0,0,0,9,2,1,0,0,0
Chris Moore,BAL,WR,104,3.01,3.93,27.10,-0.92,6.94,0,0,1,8,2,0,1,0,0
Keelan Cole,JAX,WR,106,3.35,2.85,26.80,0.50,6.20,0,0,0,8,2,1,0,0,0
Laquon Treadwell,MIN,WR,107,3.74,2.80,26.20,0.94,6.54,0,0,0,7,2,1,0,0,0
Demarcus Robinson,KC,WR,108,2.81,3.48,25.30,-0.67,6.29,0,0,1,8,2,0,1,0,0
Johnny Holton,OAK,WR,109,2.76,5.18,24.80,-2.42,7.93,0,1,1,7,2,0,2,0,0
Curtis Samuel,CAR,WR,110,2.60,2.44,23.40,0.16,5.04,0,0,0,9,2,1,0,0,0
Jarius Wright,MIN,WR,111,3.19,3.62,22.30,-0.44,6.81,0,0,0,7,2,0,0,0,0
Josh Bellamy,CHI,WR,112,3.06,3.65,21.40,-0.60,6.71,0,0,0,7,2,0,0,0,0
Corey Davis,TEN,WR,113,6.37,4.82,19.10,1.54,11.19,0,1,0,7,2,1,1,0,0
Corey Coleman,CLE,WR,114,9.10,7.20,18.20,1.90,16.30,0,1,0,7,2,1,1,0,0
Kasen Williams,CLE,WR,115,2.18,3.26,17.40,-1.09,5.44,0,0,0,8,2,0,0,0,0
Chris Godwin,TB,WR,116,2.04,2.17,16.30,-0.13,4.20,0,0,0,8,2,0,0,0,0
Tommylee Lewis,NO,WR,117,2.03,2.62,16.20,-0.60,4.65,0,0,0,8,2,0,0,0,0
Tre McBride,CHI,WR,118,1.88,4.01,15.00,-2.13,5.88,0,1,0,7,2,0,1,0,0
Cody Latimer,DEN,WR,119,1.85,2.57,14.80,-0.72,4.42,0,0,0,8,2,0,0,0,0
Alex Erickson,CIN,WR,120,1.83,3.44,14.60,-1.62,5.27,0,0,0,8,2,0,0,0,0
Tavarres King,NYG,WR,121,1.79,4.01,14.30,-2.22,5.80,0,0,1,7,2,0,1,0,0
Brandon Tate,BUF,WR,122,1.74,3.49,13.90,-1.76,5.23,0,0,1,7,2,0,1,0,0
Leonte Carroo,MIA,WR,122,1.74,3.57,13.90,-1.83,5.31,0,0,1,8,2,0,1,0,0
Josh Malone,CIN,WR,124,1.73,3.77,13.80,-2.05,5.50,0,1,0,7,2,0,1,0,0
Phillip Dorsett,NE,WR,125,1.65,3.46,13.20,-1.81,5.11,0,0,0,8,2,0,0,0,0
Braxton Miller,HOU,WR,126,1.63,2.51,13.00,-0.88,4.13,0,0,0,8,2,0,0,0,0
Breshad Perriman,BAL,WR,127,1.38,1.93,12.40,-0.55,3.31,0,0,0,8,2,0,0,0,0
Brittan Golden,ARI,WR,128,1.50,1.99,12.00,-0.49,3.49,0,0,0,8,2,0,0,0,0
Bryce Treggs,CLE,WR,129,1.44,1.86,11.50,-0.43,3.30,0,0,0,8,2,0,0,0,0
Pharoh Cooper,LAR,WR,129,1.44,2.27,11.50,-0.83,3.70,0,0,0,8,2,0,0,0,0
Eli Rogers,PIT,WR,131,1.43,2.96,11.40,-1.54,4.39,0,0,0,8,2,0,0,0,0
Amara Darboh,SEA,WR,132,1.31,1.80,10.50,-0.49,3.11,0,0,0,8,2,0,0,0,0
Tyler Boyd,CIN,WR,133,1.29,1.35,10.30,-0.06,2.64,0,0,0,8,2,0,0,0,0
Brian Quick,WAS,WR,134,1.25,2.61,10.00,-1.36,3.86,0,0,0,8,2,0,0,0,0
Chester Rogers,IND,WR,135,1.08,1.57,9.70,-0.49,2.64,0,0,0,9,2,0,0,0,0
ArDarius Stewart,NYJ,WR,136,1.04,1.31,9.40,-0.26,2.35,0,0,0,7,2,0,0,0,0
Jordan Taylor,DEN,WR,137,1.14,1.84,9.10,-0.70,2.98,0,0,0,8,2,0,0,0,0
Jared Abbrederis,DET,WR,138,0.93,1.89,7.40,-0.96,2.81,0,0,0,8,2,0,0,0,0
Quan Bray,IND,WR,139,0.77,1.44,6.90,-0.67,2.21,0,0,0,9,2,0,0,0,0
Tanner Gentry,CHI,WR,140,0.81,1.58,6.50,-0.77,2.40,0,0,0,7,2,0,0,0,0
Griff Whalen,BAL,WR,141,0.70,1.98,6.30,-1.28,2.68,0,0,0,9,2,0,0,0,0
Tanner McEvoy,SEA,WR,141,0.79,2.31,6.30,-1.52,3.10,0,0,0,8,2,0,0,0,0
Vince Mayle,BAL,WR,143,0.69,1.95,6.20,-1.26,2.64,0,0,0,9,2,0,0,0,0
Michael Floyd,MIN,WR,144,0.76,1.05,6.10,-0.29,1.82,0,0,0,7,2,0,0,0,0
Nick Williams,ATL,WR,145,0.75,1.98,6.00,-1.23,2.73,0,0,0,8,2,0,0,0,0
Kendrick Bourne,SF,WR,146,0.66,1.85,5.90,-1.20,2.51,0,0,0,9,2,0,0,0,0
Bernard Reedy,TB,WR,147,0.73,0.92,5.80,-0.20,1.65,0,0,0,8,2,0,0,0,0
Darrius Heyward-Bey,PIT,WR,148,0.71,1.77,5.70,-1.06,2.49,0,0,0,8,2,0,0,0,0
Chris Matthews,BAL,WR,149,0.61,0.88,5.50,-0.27,1.49,0,0,0,8,2,0,0,0,0
Sammie Coates,CLE,WR,150,0.68,1.21,5.40,-0.53,1.88,0,0,0,8,2,0,0,0,0
Justin Hunter,PIT,WR,151,0.60,0.78,4.80,-0.18,1.38,0,0,0,8,2,0,0,0,0
Jakeem Grant,MIA,WR,152,0.56,0.80,4.50,-0.23,1.36,0,0,0,7,2,0,0,0,0
Trevor Davis,GB,WR,153,0.54,0.94,4.30,-0.40,1.48,0,0,0,8,2,0,0,0,0
Chad Williams,ARI,WR,153,0.54,0.95,4.30,-0.41,1.48,0,0,0,8,2,0,0,0,0
Mike Williams,LAC,WR,155,0.53,0.93,4.20,-0.41,1.46,0,0,0,8,2,0,0,0,0
Mike Williams,LAC,WR,155,0.53,0.93,4.20,-0.41,1.46,0,0,0,8,2,0,0,0,0
Marcus Johnson,PHI,WR,155,0.47,0.90,4.20,-0.44,1.37,0,0,0,9,2,0,0,0,0
Josh Reynolds,LAR,WR,158,0.48,1.26,3.80,-0.78,1.73,0,0,0,8,2,0,0,0,0
Kaelin Clay,CAR,WR,158,0.48,1.26,3.80,-0.78,1.73,0,0,0,8,2,0,0,0,0
Jordan Leslie,CLE,WR,160,0.51,1.26,3.60,-0.75,1.77,0,0,0,8,2,0,0,0,0
Dontrelle Inman,CHI,WR,161,0.36,0.64,2.90,-0.28,1.00,0,0,0,8,2,0,0,0,0
Allen Robinson,JAX,WR,162,2.70,0.00,2.70,2.70,2.70,0,0,0,7,2,1,0,0,0
Kevin White,CHI,WR,163,1.30,1.30,2.60,0.00,2.60,0,0,0,6,2,0,0,0,0
Noah Brown,DAL,WR,164,0.29,0.76,2.30,-0.47,1.05,0,0,0,8,2,0,0,0,0
Arrelious Benn,JAX,WR,165,0.28,0.73,2.20,-0.45,1.00,0,0,0,7,2,0,0,0,0
Andre Roberts,ATL,WR,165,0.28,0.73,2.20,-0.45,1.00,0,0,0,8,2,0,0,0,0
Jehu Chesson,KC,WR,167,0.22,0.63,2.00,-0.41,0.85,0,0,0,9,2,0,0,0,0
Markus Wheaton,CHI,WR,168,0.24,0.63,1.90,-0.39,0.87,0,0,0,8,2,0,0,0,0
Ryan Switzer,DAL,WR,169,0.23,0.98,1.80,-0.76,1.21,0,0,0,8,2,0,0,0,0
Isaiah McKenzie,DEN,WR,170,0.23,1.15,1.80,-0.92,1.37,0,0,0,7,2,0,0,0,0
Eric Weems,TEN,WR,171,0.19,0.50,1.50,-0.31,0.68,0,0,0,8,2,0,0,0,0
Max McCaffrey,JAX,WR,172,0.18,0.46,1.40,-0.29,0.64,0,0,0,8,2,0,0,0,0
Charone Peake,NYJ,WR,173,0.14,0.41,1.30,-0.26,0.55,0,0,0,9,2,0,0,0,0
Damiere Byrd,CAR,WR,174,0.13,0.38,1.20,-0.24,0.51,0,0,0,9,2,0,0,0,0
Matt Hazel,IND,WR,175,0.12,0.35,1.10,-0.22,0.47,0,0,0,8,2,0,0,0,0
Willie Snead,NO,WR,176,0.01,1.03,0.10,-1.01,1.04,0,0,0,8,2,0,0,0,0
Steve Smith Sr.,BAL,WR,177,0.00,0.00,0.00,0.00,0.00,0,0,0,9,2,0,0,0,0
Andre Johnson,TEN,WR,177,0.00,0.00,0.00,0.00,0.00,0,0,0,8,2,0,0,0,0
Anquan Boldin,BUF,WR,177,0.00,0.00,0.00,0.00,0.00,0,0,0,8,2,0,0,0,0
Jerricho Cotchery,CAR,WR,177,0.00,0.00,0.00,0.00,0.00,0,0,0,9,2,0,0,0,0
Wes Welker,LAR,WR,177,0.00,0.00,0.00,0.00,0.00,0,0,0,8,2,0,0,0,0
Roddy White,ATL,WR,177,0.00,0.00,0.00,0.00,0.00,0,0,0,8,2,0,0,0,0
Joshua Cribbs,IND,WR,177,0.00,0.00,0.00,0.00,0.00,0,0,0,9,2,0,0,0,0
Nate Washington,NE,WR,177,0.00,0.00,0.00,0.00,0.00,0,0,0,8,2,0,0,0,0
Lance Moore,ATL,WR,177,0.00,0.00,0.00,0.00,0.00,0,0,0,8,2,0,0,0,0
Devin Hester,SEA,WR,177,0.00,0.00,0.00,0.00,0.00,0,0,0,8,2,0,0,0,0
Derek Hagan,TEN,WR,177,0.00,0.00,0.00,0.00,0.00,0,0,0,8,2,0,0,0,0
Jason Avant,KC,WR,177,0.00,0.00,0.00,0.00,0.00,0,0,0,9,2,0,0,0,0
Marques Colston,NO,WR,177,0.00,0.00,0.00,0.00,0.00,0,0,0,8,2,0,0,0,0
Miles Austin,PHI,WR,177,0.00,0.00,0.00,0.00,0.00,0,0,0,9,2,0,0,0,0
Calvin Johnson,DET,WR,177,0.00,0.00,0.00,0.00,0.00,0,0,0,8,2,0,0,0,0
Dwayne Bowe,CLE,WR,177,0.00,0.00,0.00,0.00,0.00,0,0,0,8,2,0,0,0,0
Jacoby Jones,PIT,WR,177,0.00,0.00,0.00,0.00,0.00,0,0,0,8,2,0,0,0,0
James Jones,LAC,WR,177,0.00,0.00,0.00,0.00,0.00,0,0,0,8,2,0,0,0,0
Eddie Royal,CHI,WR,177,0.00,0.00,0.00,0.00,0.00,0,0,0,7,2,0,0,0,0
Jerome Simpson,SF,WR,177,0.00,0.00,0.00,0.00,0.00,0,0,0,9,2,0,0,0,0
Harry Douglas,TEN,WR,177,0.00,0.00,0.00,0.00,0.00,0,0,0,8,2,0,0,0,0
Andre Jerome Caldwell,DET,WR,177,0.00,0.00,0.00,0.00,0.00,0,0,0,8,2,0,0,0,0
Matthew Slater,NE,WR,177,0.00,0.00,0.00,0.00,0.00,0,0,0,8,2,0,0,0,0
Stevie Johnson,LAC,WR,177,0.00,0.00,0.00,0.00,0.00,0,0,0,8,2,0,0,0,0
Brandon Gibson,NE,WR,177,0.00,0.00,0.00,0.00,0.00,0,0,0,8,2,0,0,0,0
Brian Hartline,CLE,WR,177,0.00,0.00,0.00,0.00,0.00,0,0,0,8,2,0,0,0,0
Percy Harvin,BUF,WR,177,0.00,0.00,0.00,0.00,0.00,0,0,0,8,2,0,0,0,0
Louis Murphy,SF,WR,177,0.00,0.00,0.00,0.00,0.00,0,0,0,9,2,0,0,0,0
Hakeem Nicks,NO,WR,177,0.00,0.00,0.00,0.00,0.00,0,0,0,8,2,0,0,0,0
Jordan Norwood,DEN,WR,177,0.00,0.00,0.00,0.00,0.00,0,0,0,8,2,0,0,0,0
Kevin Ogletree,NYG,WR,177,0.00,0.00,0.00,0.00,0.00,0,0,0,8,2,0,0,0,0
Julian Edelman,NE,WR,177,0.00,0.00,0.00,0.00,0.00,0,0,0,8,2,0,0,0,0
Marcus Easley,BUF,WR,177,0.00,0.00,0.00,0.00,0.00,0,0,0,8,2,0,0,0,0
Riley Cooper,PHI,WR,177,0.00,0.00,0.00,0.00,0.00,0,0,0,9,2,0,0,0,0
Marc Mariani,TEN,WR,177,0.00,0.00,0.00,0.00,0.00,0,0,0,8,2,0,0,0,0
Kyle Williams,NYJ,WR,177,0.00,0.00,0.00,0.00,0.00,0,0,0,9,2,0,0,0,0
Seyi Ajirotutu,PHI,WR,177,0.00,0.00,0.00,0.00,0.00,0,0,0,9,2,0,0,0,0
Victor Cruz,CHI,WR,177,0.00,0.00,0.00,0.00,0.00,0,0,0,7,2,0,0,0,0
Marlon Moore,CLE,WR,177,0.00,0.00,0.00,0.00,0.00,0,0,0,8,2,0,0,0,0
Bryan Walters,JAX,WR,177,0.00,0.00,0.00,0.00,0.00,0,0,0,8,2,0,0,0,0
Danario Alexander,LAC,WR,177,0.00,0.00,0.00,0.00,0.00,0,0,0,8,2,0,0,0,0
Andrew Hawkins,CLE,WR,177,0.00,0.00,0.00,0.00,0.00,0,0,0,8,2,0,0,0,0
Leonard Hankerson,BUF,WR,177,0.00,0.00,0.00,0.00,0.00,0,0,0,8,2,0,0,0,0
Greg Little,BUF,WR,177,0.00,0.00,0.00,0.00,0.00,0,0,0,8,2,0,0,0,0
Vincent Brown,NO,WR,177,0.00,0.00,0.00,0.00,0.00,0,0,0,8,2,0,0,0,0
Dwayne Harris,NYG,WR,177,0.00,0.00,0.00,0.00,0.00,0,0,0,8,2,0,0,0,0
Greg Salas,BUF,WR,177,0.00,0.00,0.00,0.00,0.00,0,0,0,8,2,0,0,0,0
Denarius Moore,BUF,WR,177,0.00,0.00,0.00,0.00,0.00,0,0,0,8,2,0,0,0,0
Ricardo Lockette,SEA,WR,177,0.00,0.00,0.00,0.00,0.00,0,0,0,8,2,0,0,0,0
Joe Morgan,BAL,WR,177,0.00,0.00,0.00,0.00,0.00,0,0,0,9,2,0,0,0,0
Jeremy Ross,ARI,WR,177,0.00,0.00,0.00,0.00,0.00,0,0,0,8,2,0,0,0,0
Justin Blackmon,JAX,WR,177,0.00,0.00,0.00,0.00,0.00,0,0,0,8,2,0,0,0,0
Stephen Hill,CAR,WR,177,0.00,0.00,0.00,0.00,0.00,0,0,0,9,2,0,0,0,0
Rueben Randle,CHI,WR,177,0.00,0.00,0.00,0.00,0.00,0,0,0,7,2,0,0,0,0
Keshawn Martin,DET,WR,177,0.00,0.00,0.00,0.00,0.00,0,0,0,8,2,0,0,0,0
Trevor Graham,CAR,WR,177,0.00,0.00,0.00,0.00,0.00,0,0,0,9,2,0,0,0,0
Nick Toon,LAR,WR,177,0.00,0.00,0.00,0.00,0.00,0,0,0,8,2,0,0,0,0
DeVier Posey,DEN,WR,177,0.00,0.00,0.00,0.00,0.00,0,0,0,8,2,0,0,0,0
LaVon Brazill,IND,WR,177,0.00,0.00,0.00,0.00,0.00,0,0,0,9,2,0,0,0,0
Chris Givens,PHI,WR,177,0.00,0.00,0.00,0.00,0.00,0,0,0,9,2,0,0,0,0
Kashif Moore,KC,WR,177,0.00,0.00,0.00,0.00,0.00,0,0,0,9,2,0,0,0,0
Nathan Palmer,OAK,WR,177,0.00,0.00,0.00,0.00,0.00,0,0,0,9,2,0,0,0,0
Chris Owusu,NYJ,WR,177,0.00,0.00,0.00,0.00,0.00,0,0,0,9,2,0,0,0,0
Brian Tyms,IND,WR,177,0.00,0.00,0.00,0.00,0.00,0,0,0,9,2,0,0,0,0
Jeff Fuller,SEA,WR,177,0.00,0.00,0.00,0.00,0.00,0,0,0,8,2,0,0,0,0
Jarrett Boykin,BUF,WR,177,0.00,0.00,0.00,0.00,0.00,0,0,0,8,2,0,0,0,0
Rod Streater,BUF,WR,177,0.00,0.00,0.00,0.00,0.00,0,0,0,8,2,0,0,0,0
LaRon Byrd,CAR,WR,177,0.00,0.00,0.00,0.00,0.00,0,0,0,9,2,0,0,0,0
Damaris Johnson,TEN,WR,177,0.00,0.00,0.00,0.00,0.00,0,0,0,8,2,0,0,0,0
Josh Gordon,CLE,WR,177,0.00,0.00,0.00,0.00,0.00,0,0,0,8,2,0,0,0,0
Stedman Bailey,LAR,WR,177,0.00,0.00,0.00,0.00,0.00,0,0,0,8,2,0,0,0,0
Aaron Dobson,ARI,WR,177,0.00,0.00,0.00,0.00,0.00,0,0,0,8,2,0,0,0,0
Charles D. Johnson,CAR,WR,177,0.00,0.00,0.00,0.00,0.00,0,0,0,9,2,0,0,0,0
B.J. Daniels,ATL,WR,177,0.00,0.00,0.00,0.00,0.00,0,0,0,8,2,0,0,0,0
Cobi Hamilton,PIT,WR,177,0.00,0.00,0.00,0.00,0.00,0,0,0,8,2,0,0,0,0
Josh Boyce,CLE,WR,177,0.00,0.00,0.00,0.00,0.00,0,0,0,8,2,0,0,0,0
Chris Harper,NYJ,WR,177,0.00,0.00,0.00,0.00,0.00,0,0,0,9,2,0,0,0,0
Corey Fuller,NO,WR,177,0.00,0.00,0.00,0.00,0.00,0,0,0,8,2,0,0,0,0
Marquess Wilson,NYJ,WR,177,0.00,0.00,0.00,0.00,0.00,0,0,0,9,2,0,0,0,0
Quinton Patton,NYJ,WR,177,0.00,0.00,0.00,0.00,0.00,0,0,0,9,2,0,0,0,0
Da'Rick Rogers,KC,WR,177,0.00,0.00,0.00,0.00,0.00,0,0,0,9,2,0,0,0,0
Ryan Spadola,DET,WR,177,0.00,0.00,0.00,0.00,0.00,0,0,0,8,2,0,0,0,0
Rodney Smith,SEA,WR,177,0.00,0.00,0.00,0.00,0.00,0,0,0,8,2,0,0,0,0
Kenbrell Thompkins,NYJ,WR,177,0.00,0.00,0.00,0.00,0.00,0,0,0,9,2,0,0,0,0
Myles White,NYJ,WR,177,0.00,0.00,0.00,0.00,0.00,0,0,0,9,2,0,0,0,0
Marlon Brown,DEN,WR,177,0.00,0.00,0.00,0.00,0.00,0,0,0,8,2,0,0,0,0
Shaq Evans,DAL,WR,177,0.00,0.00,0.00,0.00,0.00,0,0,0,8,2,0,0,0,0
Jeremy Gallon,NE,WR,177,0.00,0.00,0.00,0.00,0.00,0,0,0,8,2,0,0,0,0
Kevin Norwood,NYG,WR,177,0.00,0.00,0.00,0.00,0.00,0,0,0,8,2,0,0,0,0
Jalen Saunders,NE,WR,177,0.00,0.00,0.00,0.00,0.00,0,0,0,8,2,0,0,0,0
Devin Street,HOU,WR,177,0.00,0.00,0.00,0.00,0.00,0,0,0,8,2,0,0,0,0
Jeff Janis,GB,WR,177,0.00,0.00,0.00,0.00,0.00,0,0,0,8,2,0,0,0,0
Corey Washington,DAL,WR,177,0.00,0.00,0.00,0.00,0.00,0,0,0,8,2,0,0,0,0
Robert Herron,OAK,WR,177,0.00,0.00,0.00,0.00,0.00,0,0,0,9,2,0,0,0,0
Brenton Bersin,CAR,WR,177,0.00,0.00,0.00,0.00,0.00,0,0,0,9,2,0,0,0,0
Corey Brown,BUF,WR,177,0.00,0.00,0.00,0.00,0.00,0,0,0,8,2,0,0,0,0
Frankie Hammond,NYJ,WR,177,0.00,0.00,0.00,0.00,0.00,0,0,0,9,2,0,0,0,0
James Wright,CLE,WR,177,0.00,0.00,0.00,0.00,0.00,0,0,0,8,2,0,0,0,0
Isaiah Burse,LAC,WR,177,0.00,0.00,0.00,0.00,0.00,0,0,0,8,2,0,0,0,0
Jeremy Butler,BUF,WR,177,0.00,0.00,0.00,0.00,0.00,0,0,0,8,2,0,0,0,0
Damian Copeland,DET,WR,177,0.00,0.00,0.00,0.00,0.00,0,0,0,8,2,0,0,0,0
Jonathan Krause,TEN,WR,177,0.00,0.00,0.00,0.00,0.00,0,0,0,8,2,0,0,0,0
Walter Powell,BUF,WR,177,0.00,0.00,0.00,0.00,0.00,0,0,0,8,2,0,0,0,0
Rashad Ross,BUF,WR,177,0.00,0.00,0.00,0.00,0.00,0,0,0,8,2,0,0,0,0
Kevin Smith,SEA,WR,177,0.00,0.00,0.00,0.00,0.00,0,0,0,8,2,0,0,0,0
Andre Debose,IND,WR,177,0.00,0.00,0.00,0.00,0.00,0,0,0,9,2,0,0,0,0
DiAndre Campbell,SF,WR,177,0.00,0.00,0.00,0.00,0.00,0,0,0,9,2,0,0,0,0
Issac Blakeney,PIT,WR,177,0.00,0.00,0.00,0.00,0.00,0,0,0,8,2,0,0,0,0
Geremy Davis,LAC,WR,177,0.00,0.00,0.00,0.00,0.00,0,0,0,8,2,0,0,0,0
Da'Ron Brown,LAC,WR,177,0.00,0.00,0.00,0.00,0.00,0,0,0,8,2,0,0,0,0
Kenny Bell,BAL,WR,177,0.00,0.00,0.00,0.00,0.00,0,0,0,9,2,0,0,0,0
Dres Anderson,HOU,WR,177,0.00,0.00,0.00,0.00,0.00,0,0,0,8,2,0,0,0,0
Keith Mumphery,HOU,WR,177,0.00,0.00,0.00,0.00,0.00,0,0,0,8,2,0,0,0,0
DeAndrew White,HOU,WR,177,0.00,0.00,0.00,0.00,0.00,0,0,0,8,2,0,0,0,0
Dezmin Lewis,BUF,WR,177,0.00,0.00,0.00,0.00,0.00,0,0,0,8,2,0,0,0,0
Devin Smith,NYJ,WR,177,0.00,0.00,0.00,0.00,0.00,0,0,0,9,2,0,0,0,0
Rashad Greene Sr.,JAX,WR,177,0.00,0.00,0.00,0.00,0.00,0,0,0,8,2,0,0,0,0
Dorial Green-Beckham,PHI,WR,177,0.00,0.00,0.00,0.00,0.00,0,0,0,9,2,0,0,0,0
Jaelen Strong,JAX,WR,177,0.00,0.00,0.00,0.00,0.00,0,0,0,8,2,0,0,0,0
Mario Alford,CLE,WR,177,0.00,0.00,0.00,0.00,0.00,0,0,0,8,2,0,0,0,0
DeAndre Smelter,SF,WR,177,0.00,0.00,0.00,0.00,0.00,0,0,0,9,2,0,0,0,0
Duron Carter,IND,WR,177,0.00,0.00,0.00,0.00,0.00,0,0,0,9,2,0,0,0,0
Antwan Goodley,GB,WR,177,0.00,0.00,0.00,0.00,0.00,0,0,0,8,2,0,0,0,0
Seantavius Jones,KC,WR,177,0.00,0.00,0.00,0.00,0.00,0,0,0,9,2,0,0,0,0
Cameron Meredith,CHI,WR,177,0.00,0.00,0.00,0.00,0.00,0,0,0,7,2,0,0,0,0
Lucky Whitehead,NYJ,WR,177,0.00,0.00,0.00,0.00,0.00,0,0,0,9,2,0,0,0,0
Quincy Enunwa,NYJ,WR,177,0.00,0.00,0.00,0.00,0.00,0,0,0,9,2,0,0,0,0
Chris Harper,NYJ,WR,177,0.00,0.00,0.00,0.00,0.00,0,0,0,9,2,0,0,0,0
Bradley Marquez,LAR,WR,177,0.00,0.00,0.00,0.00,0.00,0,0,0,8,2,0,0,0,0
Javontee Herndon,DAL,WR,177,0.00,0.00,0.00,0.00,0.00,0,0,0,8,2,0,0,0,0
Eric Rogers,SF,WR,177,0.00,0.00,0.00,0.00,0.00,0,0,0,9,2,0,0,0,0
Malcolm Mitchell,NE,WR,177,0.00,0.00,0.00,0.00,0.00,0,0,0,8,2,0,0,0,0
Tajae Sharpe,TEN,WR,177,0.00,0.00,0.00,0.00,0.00,0,0,0,8,2,0,0,0,0
Jordan Payton,CLE,WR,177,0.00,0.00,0.00,0.00,0.00,0,0,0,8,2,0,0,0,0
Moritz Bohringer,MIN,WR,177,0.00,0.00,0.00,0.00,0.00,0,0,0,7,2,0,0,0,0
Keenan Reynolds,BAL,WR,177,0.00,0.00,0.00,0.00,0.00,0,0,0,9,2,0,0,0,0
Kolby Listenbee,BUF,WR,177,0.00,0.00,0.00,0.00,0.00,0,0,0,8,2,0,0,0,0
Cody Core,CIN,WR,177,0.00,0.00,0.00,0.00,0.00,0,0,0,8,2,0,0,0,0
Aaron Burbridge,SF,WR,177,0.00,0.00,0.00,0.00,0.00,0,0,0,9,2,0,0,0,0
Devin Lucien,NE,WR,177,0.00,0.00,0.00,0.00,0.00,0,0,0,8,2,0,0,0,0
Demarcus Ayers,PIT,WR,177,0.00,0.00,0.00,0.00,0.00,0,0,0,8,2,0,0,0,0
Daniel Braverman,CHI,WR,177,0.00,0.00,0.00,0.00,0.00,0,0,0,7,2,0,0,0,0
Devin Lewis Fuller,ATL,WR,177,0.00,0.00,0.00,0.00,0.00,0,0,0,8,2,0,0,0,0
Kenny Lawler,SEA,WR,177,0.00,0.00,0.00,0.00,0.00,0,0,0,8,2,0,0,0,0
Reggie Bell,NO,WR,177,0.00,0.00,0.00,0.00,0.00,0,0,0,8,2,0,0,0,0
Jake Kumerow,CIN,WR,177,0.00,0.00,0.00,0.00,0.00,0,0,0,8,2,0,0,0,0
Marquez North,LAR,WR,177,0.00,0.00,0.00,0.00,0.00,0,0,0,8,2,0,0,0,0
Andy Jones,HOU,WR,177,0.00,0.00,0.00,0.00,0.00,0,0,0,8,2,0,0,0,0
Xavier Rush,NO,WR,177,0.00,0.00,0.00,0.00,0.00,0,0,0,8,2,0,0,0,0
Dom Williams,PHI,WR,177,0.00,0.00,0.00,0.00,0.00,0,0,0,9,2,0,0,0,0
R.J. Harris,NO,WR,177,0.00,0.00,0.00,0.00,0.00,0,0,0,8,2,0,0,0,0
Paul McRoberts,LAR,WR,177,0.00,0.00,0.00,0.00,0.00,0,0,0,8,2,0,0,0,0
Wendall Williams,HOU,WR,177,0.00,0.00,0.00,0.00,0.00,0,0,0,8,2,0,0,0,0
Anthony Dable,ATL,WR,177,0.00,0.00,0.00,0.00,0.00,0,0,0,8,2,0,0,0,0
Darius Jennings,TEN,WR,177,0.00,0.00,0.00,0.00,0.00,0,0,0,8,2,0,0,0,0
Devon Cajuste,SF,WR,177,0.00,0.00,0.00,0.00,0.00,0,0,0,9,2,0,0,0,0
Keyarris Garrett,CAR,WR,177,0.00,0.00,0.00,0.00,0.00,0,0,0,9,2,0,0,0,0
Jalin Marshall,NYJ,WR,177,0.00,0.00,0.00,0.00,0.00,0,0,0,9,2,0,0,0,0
Nelson Spruce,LAR,WR,177,0.00,0.00,0.00,0.00,0.00,0,0,0,8,2,0,0,0,0
Paul Turner,PHI,WR,177,0.00,0.00,0.00,0.00,0.00,0,0,0,9,2,0,0,0,0
Chad Hansen,NYJ,WR,177,0.00,0.00,0.00,0.00,0.00,0,0,0,9,2,0,0,0,0
Malachi Dupre,GB,WR,177,0.00,0.00,0.00,0.00,0.00,0,0,0,8,2,0,0,0,0
Rodney Adams,MIN,WR,177,0.00,0.00,0.00,0.00,0.00,0,0,0,7,2,0,0,0,0
David Moore,SEA,WR,177,0.00,0.00,0.00,0.00,0.00,0,0,0,8,2,0,0,0,0
Carlos Henderson,DEN,WR,177,0.00,0.00,0.00,0.00,0.00,0,0,0,8,2,0,0,0,0
Robert Davis,WAS,WR,177,0.00,0.00,0.00,0.00,0.00,0,0,0,8,2,0,0,0,0
Shelton Gibson,PHI,WR,177,0.00,0.00,0.00,0.00,0.00,0,0,0,9,2,0,0,0,0
Dede Westbrook,JAX,WR,177,0.00,0.00,0.00,0.00,0.00,0,0,0,8,2,0,0,0,0
Stacy Coley,MIN,WR,177,0.00,0.00,0.00,0.00,0.00,0,0,0,7,2,0,0,0,0
DeAngelo Yancey,GB,WR,177,0.00,0.00,0.00,0.00,0.00,0,0,0,8,2,0,0,0,0
Jace Billingsley,DET,WR,177,0.00,0.00,0.00,0.00,0.00,0,0,0,8,2,0,0,0,0
Ishmael Zamora,OAK,WR,177,0.00,0.00,0.00,0.00,0.00,0,0,0,9,2,0,0,0,0
Austin Carr,NO,WR,177,0.00,0.00,0.00,0.00,0.00,0,0,0,8,2,0,0,0,0
Darius Powe,NYG,WR,177,0.00,0.00,0.00,0.00,0.00,0,0,0,8,2,0,0,0,0
Rannell Hall,CLE,WR,177,0.00,0.00,0.00,0.00,0.00,0,0,0,8,2,0,0,0,0
Maurice Lynell Harris,WAS,WR,177,0.00,0.00,0.00,0.00,0.00,0,0,0,8,2,0,0,0,0
Damore'ea Stringfellow,NYJ,WR,177,0.00,0.00,0.00,0.00,0.00,0,0,0,9,2,0,0,0,0
Victor Bolden Jr.,SF,WR,177,0.00,0.00,0.00,0.00,0.00,0,0,0,9,2,0,0,0,0
Vincent Jackson,TB,WR,177,0.00,0.00,0.00,0.00,0.00,0,0,0,9,2,0,0,0,0
Greg Jennings,MIA,WR,177,0.00,0.00,0.00,0.00,0.00,0,0,0,9,2,0,0,0,0
Preston Parker,FA,WR,177,0.00,0.00,0.00,0.00,0.00,0,0,0,4,2,0,0,0,0
Cecil Shorts III,TB,WR,177,0.00,0.00,0.00,0.00,0.00,0,0,0,9,2,0,0,0,0
Josh Huff,TB,WR,177,0.00,0.00,0.00,0.00,0.00,0,0,0,9,2,0,0,0,0
Freddie Martino,TB,WR,177,0.00,0.00,0.00,0.00,0.00,0,0,0,9,2,0,0,0,0
Evan Spencer,TB,WR,177,0.00,0.00,0.00,0.00,0.00,0,0,0,9,2,0,0,0,0
Tyler Murphy,MIA,WR,177,0.00,0.00,0.00,0.00,0.00,0,0,0,9,2,0,0,0,0
Donteea Dye,TB,WR,177,0.00,0.00,0.00,0.00,0.00,0,0,0,9,2,0,0,0,0
Mitch Mathews,MIA,WR,177,0.00,0.00,0.00,0.00,0.00,0,0,0,9,2,0,0,0,0
Isaiah Ford,MIA,WR,177,0.00,0.00,0.00,0.00,0.00,0,0,0,9,2,0,0,0,0
Rashawn Scott,MIA,WR,177,0.00,0.00,0.00,0.00,0.00,0,0,0,9,2,0,0,0,0
Krishawn Hogan,IND,WR,177,0.00,0.00,0.00,0.00,0.00,0,0,0,9,2,0,0,0,0
John Ross,CIN,WR,368,-0.10,0.26,-0.80,-0.36,0.16,0,0,0,8,2,0,0,0,0
Kalif Raymond,NYJ,WR,369,-0.22,0.63,-2.00,-0.85,0.41,0,0,0,9,2,0,0,0,0
